[{"pk": 1, "model": "contenttypes.contenttype", "fields": {"model": "permission", "name": "permission", "app_label": "auth"}}, {"pk": 2, "model": "contenttypes.contenttype", "fields": {"model": "group", "name": "group", "app_label": "auth"}}, {"pk": 4, "model": "contenttypes.contenttype", "fields": {"model": "contenttype", "name": "content type", "app_label": "contenttypes"}}, {"pk": 5, "model": "contenttypes.contenttype", "fields": {"model": "session", "name": "session", "app_label": "sessions"}}, {"pk": 6, "model": "contenttypes.contenttype", "fields": {"model": "site", "name": "site", "app_label": "sites"}}, {"pk": 7, "model": "contenttypes.contenttype", "fields": {"model": "category", "name": "category", "app_label": "parts"}}, {"pk": 8, "model": "contenttypes.contenttype", "fields": {"model": "setting", "name": "setting", "app_label": "parts"}}, {"pk": 9, "model": "contenttypes.contenttype", "fields": {"model": "counselpoint", "name": "counsel point", "app_label": "parts"}}, {"pk": 10, "model": "contenttypes.contenttype", "fields": {"model": "congregation", "name": "congregation", "app_label": "parts"}}, {"pk": 11, "model": "contenttypes.contenttype", "fields": {"model": "publisher", "name": "publisher", "app_label": "parts"}}, {"pk": 12, "model": "contenttypes.contenttype", "fields": {"model": "part", "name": "part", "app_label": "parts"}}, {"pk": 13, "model": "contenttypes.contenttype", "fields": {"model": "assignment", "name": "assignment", "app_label": "parts"}}, {"pk": 14, "model": "contenttypes.contenttype", "fields": {"model": "logentry", "name": "log entry", "app_label": "admin"}}, {"pk": 15, "model": "contenttypes.contenttype", "fields": {"model": "user", "name": "user", "app_label": "authentication"}}, {"pk": 16, "model": "contenttypes.contenttype", "fields": {"model": "meeting", "name": "meeting", "app_label": "parts"}}, {"pk": "abxuffakop1ryd1mvytedu52lw06c7y4", "model": "sessions.session", "fields": {"expire_date": "2013-11-18T18:16:02Z", "session_data": "MWRiMWMyMDJhMmUxYjRlM2MxNGI0MDUwZjdiYzM4ZmVmOWRjOTM5Mjp7Il9hdXRoX3VzZXJfYmFja2VuZCI6ImRqYW5nby5jb250cmliLmF1dGguYmFja2VuZHMuTW9kZWxCYWNrZW5kIiwiX2F1dGhfdXNlcl9pZCI6MX0="}}, {"pk": "jmodblpf8spbgslt3mlrqd3ek585x6y9", "model": "sessions.session", "fields": {"expire_date": "2013-11-18T02:51:35Z", "session_data": "Zjk2NzM1MDM5ZjExMDI5MGJiOTE4NGI0NjY2MmQ5NTU3ZTk3ZjY3Zjp7InRlc3Rjb29raWUiOiJ3b3JrZWQiLCJfYXV0aF91c2VyX2lkIjoxLCJfYXV0aF91c2VyX2JhY2tlbmQiOiJkamFuZ28uY29udHJpYi5hdXRoLmJhY2tlbmRzLk1vZGVsQmFja2VuZCJ9"}}, {"pk": "mpcouihs5nw7zrv53arcz0pbuzfvj803", "model": "sessions.session", "fields": {"expire_date": "2013-11-25T22:11:55Z", "session_data": "MWRiMWMyMDJhMmUxYjRlM2MxNGI0MDUwZjdiYzM4ZmVmOWRjOTM5Mjp7Il9hdXRoX3VzZXJfYmFja2VuZCI6ImRqYW5nby5jb250cmliLmF1dGguYmFja2VuZHMuTW9kZWxCYWNrZW5kIiwiX2F1dGhfdXNlcl9pZCI6MX0="}}, {"pk": "n3i6hqyd7zdahbwpzeap52ggomgcdjoj", "model": "sessions.session", "fields": {"expire_date": "2013-11-25T01:45:14Z", "session_data": "MWRiMWMyMDJhMmUxYjRlM2MxNGI0MDUwZjdiYzM4ZmVmOWRjOTM5Mjp7Il9hdXRoX3VzZXJfYmFja2VuZCI6ImRqYW5nby5jb250cmliLmF1dGguYmFja2VuZHMuTW9kZWxCYWNrZW5kIiwiX2F1dGhfdXNlcl9pZCI6MX0="}}, {"pk": "o2m2a07slsay1p7xfgpj6uqahk8iajiq", "model": "sessions.session", "fields": {"expire_date": "2013-11-24T23:06:12Z", "session_data": "MWRiMWMyMDJhMmUxYjRlM2MxNGI0MDUwZjdiYzM4ZmVmOWRjOTM5Mjp7Il9hdXRoX3VzZXJfYmFja2VuZCI6ImRqYW5nby5jb250cmliLmF1dGguYmFja2VuZHMuTW9kZWxCYWNrZW5kIiwiX2F1dGhfdXNlcl9pZCI6MX0="}}, {"pk": "urcp1jzy99p8tjkkcvrquvzy6crypykw", "model": "sessions.session", "fields": {"expire_date": "2013-11-18T21:19:05Z", "session_data": "MWRiMWMyMDJhMmUxYjRlM2MxNGI0MDUwZjdiYzM4ZmVmOWRjOTM5Mjp7Il9hdXRoX3VzZXJfYmFja2VuZCI6ImRqYW5nby5jb250cmliLmF1dGguYmFja2VuZHMuTW9kZWxCYWNrZW5kIiwiX2F1dGhfdXNlcl9pZCI6MX0="}}, {"pk": "wbspi1ak91nnhbj6jme26js2xvnd0h4w", "model": "sessions.session", "fields": {"expire_date": "2013-11-19T22:00:17Z", "session_data": "MWRiMWMyMDJhMmUxYjRlM2MxNGI0MDUwZjdiYzM4ZmVmOWRjOTM5Mjp7Il9hdXRoX3VzZXJfYmFja2VuZCI6ImRqYW5nby5jb250cmliLmF1dGguYmFja2VuZHMuTW9kZWxCYWNrZW5kIiwiX2F1dGhfdXNlcl9pZCI6MX0="}}, {"pk": 1, "model": "sites.site", "fields": {"domain": "example.com", "name": "example.com"}}, {"pk": 1, "model": "parts.meeting", "fields": {"name": "Cong. Bible Study", "order": 1}}, {"pk": 2, "model": "parts.meeting", "fields": {"name": "Theocratic Ministry School", "order": 2}}, {"pk": 3, "model": "parts.meeting", "fields": {"name": "Service Meeting", "order": 3}}, {"pk": 4, "model": "parts.meeting", "fields": {"name": "Sound & Stage", "order": 4}}, {"pk": 2, "model": "parts.category", "fields": {"meeting": 3, "name": "Prayer"}}, {"pk": 3, "model": "parts.category", "fields": {"meeting": 1, "name": "Congregation Bible Study"}}, {"pk": 4, "model": "parts.category", "fields": {"meeting": 1, "name": "Congregation Bible Study Reading"}}, {"pk": 5, "model": "parts.category", "fields": {"meeting": 2, "name": "Highlights"}}, {"pk": 6, "model": "parts.category", "fields": {"meeting": 2, "name": "Number 1"}}, {"pk": 7, "model": "parts.category", "fields": {"meeting": 2, "name": "Number 2"}}, {"pk": 8, "model": "parts.category", "fields": {"meeting": 2, "name": "Number 3"}}, {"pk": 9, "model": "parts.category", "fields": {"meeting": 3, "name": "Service Meeting Part"}}, {"pk": 10, "model": "parts.category", "fields": {"meeting": 3, "name": "Service Meeting Part by Service Overseer"}}, {"pk": 11, "model": "parts.category", "fields": {"meeting": 3, "name": "Service Meeting Part by Elder"}}, {"pk": 12, "model": "parts.category", "fields": {"meeting": 3, "name": "Demonstration"}}, {"pk": 13, "model": "parts.category", "fields": {"meeting": 4, "name": "Microphones"}}, {"pk": 14, "model": "parts.category", "fields": {"meeting": 4, "name": "Sound Console"}}, {"pk": 15, "model": "parts.category", "fields": {"meeting": 4, "name": "Platform"}}, {"pk": 16, "model": "parts.category", "fields": {"meeting": 4, "name": "Attendant"}}, {"pk": 17, "model": "parts.category", "fields": {"meeting": 2, "name": "Assistant"}}, {"pk": 1, "model": "parts.setting", "fields": {"name": "1. Giving a house-to-house presentation"}}, {"pk": 2, "model": "parts.setting", "fields": {"name": "2. Overcoming a potential conversation stopper"}}, {"pk": 3, "model": "parts.setting", "fields": {"name": "Making the first return visit on someone who showed interest"}}, {"pk": 1, "model": "parts.counselpoint", "fields": {"name": "11: Warmth and Feeling (p.118)"}}, {"pk": 2, "model": "parts.counselpoint", "fields": {"name": "1: Accurate Reading (p.83)"}}, {"pk": 3, "model": "parts.counselpoint", "fields": {"name": "4: Fluent Delivery (p.93)"}}, {"pk": 1, "model": "parts.publisher", "fields": {"first_name": "Jared", "last_name": "Martin", "gender": 1, "congregation": 1, "categories": [2, 3, 4, 5, 9, 10, 11, 12, 16], "counsel_point": 1}}, {"pk": 2, "model": "parts.publisher", "fields": {"first_name": "Alba", "last_name": "Martin", "gender": 2, "congregation": 1, "categories": [7, 12, 17], "counsel_point": null}}, {"pk": 3, "model": "parts.publisher", "fields": {"first_name": "David", "last_name": "Argueta", "gender": 1, "congregation": 1, "categories": [2, 4, 6, 8, 12, 16], "counsel_point": null}}, {"pk": 4, "model": "parts.publisher", "fields": {"first_name": "Gilma", "last_name": "Argueta", "gender": 2, "congregation": 1, "categories": [7, 8, 12, 17], "counsel_point": null}}, {"pk": 5, "model": "parts.publisher", "fields": {"first_name": "Mirna", "last_name": "Argueta", "gender": 2, "congregation": 1, "categories": [7, 8, 12, 17], "counsel_point": null}}, {"pk": 6, "model": "parts.publisher", "fields": {"first_name": "David", "last_name": "Calderon", "gender": 1, "congregation": 1, "categories": [6, 8, 12, 13, 15, 16], "counsel_point": null}}, {"pk": 7, "model": "parts.publisher", "fields": {"first_name": "Jose Miguel", "last_name": "Castro", "gender": 1, "congregation": 1, "categories": [2, 4, 5, 8, 9, 12, 13, 14, 15, 16], "counsel_point": 1}}, {"pk": 8, "model": "parts.publisher", "fields": {"first_name": "Jonathan", "last_name": "Contreras", "gender": 1, "congregation": 1, "categories": [2, 6, 8, 12, 13, 15, 16], "counsel_point": null}}, {"pk": 9, "model": "parts.publisher", "fields": {"first_name": "Julio", "last_name": "Diaz", "gender": 1, "congregation": 1, "categories": [2, 4, 5, 6, 8, 9, 12, 13, 15, 16], "counsel_point": null}}, {"pk": 10, "model": "parts.publisher", "fields": {"first_name": "Daniel", "last_name": "Gutierrez", "gender": 1, "congregation": 1, "categories": [2, 6, 8, 12, 13, 15, 16], "counsel_point": null}}, {"pk": 11, "model": "parts.publisher", "fields": {"first_name": "Elizabeth", "last_name": "Hernandez", "gender": 2, "congregation": 1, "categories": [7, 8, 12, 17], "counsel_point": null}}, {"pk": 12, "model": "parts.publisher", "fields": {"first_name": "Jessica", "last_name": "Hernandez", "gender": 2, "congregation": 1, "categories": [7, 8, 12, 17], "counsel_point": null}}, {"pk": 13, "model": "parts.publisher", "fields": {"first_name": "Wendy", "last_name": "Hernandez", "gender": 2, "congregation": 1, "categories": [7, 8, 12, 17], "counsel_point": null}}, {"pk": 14, "model": "parts.publisher", "fields": {"first_name": "Jaime", "last_name": "Marroquin", "gender": 1, "congregation": 1, "categories": [2, 3, 4, 5, 6, 8, 9, 12, 13, 15, 16], "counsel_point": null}}, {"pk": 15, "model": "parts.publisher", "fields": {"first_name": "Samuel", "last_name": "Mejia", "gender": 1, "congregation": 1, "categories": [], "counsel_point": null}}, {"pk": 16, "model": "parts.publisher", "fields": {"first_name": "Raul", "last_name": "Mezquita", "gender": 1, "congregation": 1, "categories": [6, 8, 13], "counsel_point": null}}, {"pk": 17, "model": "parts.publisher", "fields": {"first_name": "Illia", "last_name": "Mojica", "gender": 2, "congregation": 1, "categories": [7, 8, 17], "counsel_point": null}}, {"pk": 18, "model": "parts.publisher", "fields": {"first_name": "Manuel", "last_name": "Mojica", "gender": 1, "congregation": 1, "categories": [6], "counsel_point": null}}, {"pk": 19, "model": "parts.publisher", "fields": {"first_name": "Ernesto", "last_name": "Molina", "gender": 1, "congregation": 1, "categories": [], "counsel_point": null}}, {"pk": 20, "model": "parts.publisher", "fields": {"first_name": "Silvia", "last_name": "Moran", "gender": 2, "congregation": 1, "categories": [7, 8, 12, 17], "counsel_point": null}}, {"pk": 21, "model": "parts.publisher", "fields": {"first_name": "Jhonatan", "last_name": "Zepeda", "gender": 1, "congregation": 1, "categories": [2, 3, 4, 5, 6, 8, 9, 12, 13, 15, 16], "counsel_point": null}}, {"pk": 22, "model": "parts.publisher", "fields": {"first_name": "Ana Dolores", "last_name": "Navas", "gender": 2, "congregation": 1, "categories": [7, 8, 17], "counsel_point": null}}, {"pk": 23, "model": "parts.publisher", "fields": {"first_name": "Jose Miguel", "last_name": "Navas", "gender": 1, "congregation": 1, "categories": [2, 6, 8, 12, 13, 15], "counsel_point": null}}, {"pk": 24, "model": "parts.publisher", "fields": {"first_name": "Lucy", "last_name": "Navas", "gender": 2, "congregation": 1, "categories": [7, 8, 12, 17], "counsel_point": null}}, {"pk": 25, "model": "parts.publisher", "fields": {"first_name": "Miguel Angel", "last_name": "Navas", "gender": 1, "congregation": 1, "categories": [6], "counsel_point": null}}, {"pk": 26, "model": "parts.publisher", "fields": {"first_name": "Jose Miguel", "last_name": "Portillo", "gender": 1, "congregation": 1, "categories": [2, 3, 4, 5, 6, 8, 9, 12, 13, 16], "counsel_point": null}}, {"pk": 27, "model": "parts.publisher", "fields": {"first_name": "Elaine", "last_name": "Regalado", "gender": 2, "congregation": 1, "categories": [7, 8, 12, 17], "counsel_point": null}}, {"pk": 28, "model": "parts.publisher", "fields": {"first_name": "Ernesto", "last_name": "Regalado", "gender": 1, "congregation": 1, "categories": [2, 3, 4, 5, 9, 11, 12, 16], "counsel_point": null}}, {"pk": 29, "model": "parts.publisher", "fields": {"first_name": "Luis", "last_name": "Rodriguez", "gender": 1, "congregation": 1, "categories": [6], "counsel_point": null}}, {"pk": 30, "model": "parts.publisher", "fields": {"first_name": "Sonya", "last_name": "Rodriguez", "gender": 2, "congregation": 1, "categories": [7, 8, 17], "counsel_point": null}}, {"pk": 31, "model": "parts.publisher", "fields": {"first_name": "Renan", "last_name": "Santos", "gender": 1, "congregation": 1, "categories": [2, 3, 4, 5, 8, 9, 12, 13, 14, 15, 16], "counsel_point": null}}, {"pk": 32, "model": "parts.publisher", "fields": {"first_name": "Daniel", "last_name": "Serpas", "gender": 1, "congregation": 1, "categories": [2, 6, 8, 12, 13, 14, 15], "counsel_point": null}}, {"pk": 33, "model": "parts.publisher", "fields": {"first_name": "Karen", "last_name": "Serpas", "gender": 2, "congregation": 1, "categories": [7, 8, 12, 17], "counsel_point": null}}, {"pk": 34, "model": "parts.publisher", "fields": {"first_name": "Ricardo", "last_name": "Serpas", "gender": 1, "congregation": 1, "categories": [2, 6, 8, 12, 16], "counsel_point": null}}, {"pk": 35, "model": "parts.publisher", "fields": {"first_name": "Ruth", "last_name": "Serpas", "gender": 2, "congregation": 1, "categories": [7, 8, 12, 17], "counsel_point": null}}, {"pk": 36, "model": "parts.publisher", "fields": {"first_name": "Karen", "last_name": "Trujillo", "gender": 2, "congregation": 1, "categories": [7, 8, 17], "counsel_point": null}}, {"pk": 37, "model": "parts.publisher", "fields": {"first_name": "Mario", "last_name": "Trujillo", "gender": 1, "congregation": 1, "categories": [6, 8, 12, 15, 16], "counsel_point": null}}, {"pk": 38, "model": "parts.publisher", "fields": {"first_name": "Rafael", "last_name": "Trujillo", "gender": 1, "congregation": 1, "categories": [2, 3, 4, 5, 6, 8, 9, 12, 13, 14, 16], "counsel_point": null}}, {"pk": 39, "model": "parts.publisher", "fields": {"first_name": "Magali", "last_name": "Ulloa", "gender": 2, "congregation": 1, "categories": [7, 8, 12, 17], "counsel_point": null}}, {"pk": 40, "model": "parts.publisher", "fields": {"first_name": "Heilem", "last_name": "Valle", "gender": 2, "congregation": 1, "categories": [7, 8, 17], "counsel_point": null}}, {"pk": 41, "model": "parts.publisher", "fields": {"first_name": "Jennifer", "last_name": "Valle", "gender": 2, "congregation": 1, "categories": [7, 8, 12, 17], "counsel_point": null}}, {"pk": 42, "model": "parts.publisher", "fields": {"first_name": "Susana", "last_name": "Valle", "gender": 2, "congregation": 1, "categories": [7, 8, 12, 17], "counsel_point": null}}, {"pk": 1, "model": "parts.part", "fields": {"date": "2014-01-06", "category": 5, "theme": "", "material": "Matthew 1-6", "order": 3}}, {"pk": 2, "model": "parts.part", "fields": {"date": "2014-01-06", "category": 6, "theme": "", "material": "Matthew 5:21-32", "order": 4}}, {"pk": 3, "model": "parts.part", "fields": {"date": "2014-01-06", "category": 7, "theme": "What Could Make a Person\u2019s Prayers Unacceptable to God?", "material": "rs p. 293 par. 3 \u2013 p. 294 par. 3", "order": 5}}, {"pk": 4, "model": "parts.part", "fields": {"date": "2014-01-06", "category": 8, "theme": "What It Means to Have Jehovah's \"Your Share\"", "material": "Num. 18:20", "order": 6}}, {"pk": 5, "model": "parts.part", "fields": {"date": "2014-01-13", "category": 5, "theme": "", "material": "Matthew 7-11", "order": 3}}, {"pk": 6, "model": "parts.part", "fields": {"date": "2014-01-13", "category": 6, "theme": "", "material": "Matthew 10:24-42", "order": 4}}, {"pk": 7, "model": "parts.part", "fields": {"date": "2014-01-13", "category": 7, "theme": "Be Discerning, and Avoid Following Unrealities", "material": "1 Sam. 12:21; Prov. 23:4, 5", "order": 5}}, {"pk": 8, "model": "parts.part", "fields": {"date": "2014-01-13", "category": 8, "theme": "What Are Proper Matters About Which to Pray?", "material": "rs p. 294 par. 4 \u2013 p. 295 par. 3", "order": 6}}, {"pk": 9, "model": "parts.part", "fields": {"date": "2013-11-11", "category": 3, "theme": "", "material": "jl Lessons 5-7", "order": 1}}, {"pk": 10, "model": "parts.part", "fields": {"date": "2013-11-11", "category": 4, "theme": "", "material": "", "order": 2}}, {"pk": 11, "model": "parts.part", "fields": {"date": "2013-11-11", "category": 5, "theme": "", "material": "Hebrews 1-8", "order": 3}}, {"pk": 12, "model": "parts.part", "fields": {"date": "2013-11-11", "category": 6, "theme": "", "material": "Hebrews 4:1-16", "order": 4}}, {"pk": 13, "model": "parts.part", "fields": {"date": "2013-11-11", "category": 7, "theme": "How Can We Show That We Have \"the Wisdom From Above\"?", "material": "Jas. 3:17, 18", "order": 5}}, {"pk": 14, "model": "parts.part", "fields": {"date": "2013-11-11", "category": 8, "theme": "Is Loving One's Fellowman What Really Counts?", "material": "rs p. 327 par 4", "order": 6}}, {"pk": 15, "model": "parts.part", "fields": {"date": "2013-11-11", "category": 11, "theme": "How We Can Help To Meet the Needs of Others", "material": "w13 11/15 pp. 8,9", "order": 7}}, {"pk": 16, "model": "parts.part", "fields": {"date": "2013-11-11", "category": 9, "theme": "How To Overcome Nervousness When Preaching", "material": "", "order": 8}}, {"pk": 17, "model": "parts.part", "fields": {"date": "2013-11-11", "category": 9, "theme": "\"Take as a Pattern the Prophets - Hosea\"", "material": "", "order": 9}}, {"pk": 18, "model": "parts.part", "fields": {"date": "2013-11-18", "category": 3, "theme": "", "material": "jl Lessons 8-10", "order": 1}}, {"pk": 19, "model": "parts.part", "fields": {"date": "2013-11-18", "category": 4, "theme": "", "material": "", "order": 2}}, {"pk": 20, "model": "parts.part", "fields": {"date": "2013-11-18", "category": 5, "theme": "", "material": "Hebrews 9-13", "order": 3}}, {"pk": 21, "model": "parts.part", "fields": {"date": "2013-11-18", "category": 6, "theme": "", "material": "Hebrews 10:19-39", "order": 4}}, {"pk": 22, "model": "parts.part", "fields": {"date": "2013-11-18", "category": 7, "theme": "Is Having a Personal Relationship With God the Really Important ", "material": "rs p. 327 par. 5\u2013p. 328 par. 1", "order": 5}}, {"pk": 23, "model": "parts.part", "fields": {"date": "2013-11-18", "category": 8, "theme": "Ways in Which We Can Comfort Others", "material": "Rom. 15:4; 2 Cor. 1:3, 4", "order": 6}}, {"pk": 24, "model": "parts.part", "fields": {"date": "2013-11-18", "category": 9, "theme": "Question Box", "material": "", "order": 7}}, {"pk": 25, "model": "parts.part", "fields": {"date": "2013-11-18", "category": 9, "theme": "\"I Am Here Because . . .\"", "material": "", "order": 8}}, {"pk": 26, "model": "parts.part", "fields": {"date": "2013-11-18", "category": 9, "theme": "Jehovah Listens to the Prayers of His Servants.", "material": "1 John 3:22", "order": 9}}, {"pk": 27, "model": "parts.part", "fields": {"date": "2013-11-18", "category": 2, "theme": "Song 56 and Prayer", "material": "", "order": 10}}, {"pk": 28, "model": "parts.part", "fields": {"date": "2013-11-11", "category": 2, "theme": "Song 113 and Prayer", "material": "", "order": 10}}, {"pk": 29, "model": "parts.part", "fields": {"date": "2013-11-25", "category": 3, "theme": "", "material": "jl Lessons 11-13", "order": 1}}, {"pk": 30, "model": "parts.part", "fields": {"date": "2013-11-25", "category": 4, "theme": "", "material": "", "order": 2}}, {"pk": 31, "model": "parts.part", "fields": {"date": "2013-11-25", "category": 5, "theme": "", "material": "James 1-5", "order": 3}}, {"pk": 32, "model": "parts.part", "fields": {"date": "2013-11-25", "category": 6, "theme": "", "material": "James 1:22\u20132:13", "order": 4}}, {"pk": 33, "model": "parts.part", "fields": {"date": "2013-11-25", "category": 7, "theme": "How Love Overcomes Fear", "material": "1 John 4:16-18", "order": 5}}, {"pk": 34, "model": "parts.part", "fields": {"date": "2013-11-25", "category": 8, "theme": "Why Just Reading the Bible Is Not Sufficient", "material": "rs p. 328 par. 2-3", "order": 6}}, {"pk": 35, "model": "parts.part", "fields": {"date": "2013-11-25", "category": 9, "theme": "Ideas for Offering the Magazines in December.", "material": "", "order": 7}}, {"pk": 37, "model": "parts.part", "fields": {"date": "2013-11-25", "category": 9, "theme": "How Should You Answer?", "material": "", "order": 9}}, {"pk": 38, "model": "parts.part", "fields": {"date": "2013-11-25", "category": 12, "theme": "", "material": "", "order": 10}}, {"pk": 39, "model": "parts.part", "fields": {"date": "2013-11-25", "category": 9, "theme": "A Helpful Series for Our Ministry.", "material": "", "order": 11}}, {"pk": 41, "model": "parts.part", "fields": {"date": "2013-11-25", "category": 2, "theme": "Song 45 and Prayer", "material": "", "order": 13}}, {"pk": 42, "model": "parts.part", "fields": {"date": "2013-12-02", "category": 3, "theme": "", "material": "jl Lessons 14-16", "order": 1}}, {"pk": 43, "model": "parts.part", "fields": {"date": "2013-12-02", "category": 4, "theme": "", "material": "", "order": 2}}, {"pk": 44, "model": "parts.part", "fields": {"date": "2013-12-02", "category": 5, "theme": "", "material": "1 Peter 1\u20132 Peter 3", "order": 3}}, {"pk": 45, "model": "parts.part", "fields": {"date": "2013-12-02", "category": 6, "theme": "", "material": "1 Peter 2:18\u20133:7", "order": 4}}, {"pk": 46, "model": "parts.part", "fields": {"date": "2013-12-02", "category": 7, "theme": "The Right Religion Is Bible-Based and Makes Known God\u2019s Name", "material": "rs p. 328 par. 4-5", "order": 5}}, {"pk": 47, "model": "parts.part", "fields": {"date": "2013-12-02", "category": 8, "theme": "Why We Are Sure That Jesus Is the Messiah", "material": "Luke 24:44; Gal. 4:4", "order": 6}}, {"pk": 48, "model": "parts.part", "fields": {"date": "2013-12-02", "category": 9, "theme": "Start a Bible Study on the First Saturday.", "material": "", "order": 7}}, {"pk": 49, "model": "parts.part", "fields": {"date": "2013-12-02", "category": 9, "theme": "Have You Tried It?", "material": "", "order": 8}}, {"pk": 50, "model": "parts.part", "fields": {"date": "2013-12-02", "category": 11, "theme": "Local needs", "material": "", "order": 9}}, {"pk": 51, "model": "parts.part", "fields": {"date": "2013-12-02", "category": 2, "theme": "Song 12 and Prayer", "material": "", "order": 10}}, {"pk": 1, "model": "authentication.user", "fields": {"first_name": "Jared", "last_name": "Martin", "is_active": true, "congregation": 1, "last_login": "2013-11-11T22:11:55Z", "is_admin": true, "password": "pbkdf2_sha256$10000$4Yjij0tNNrGZ$IQBFT4DeVyXuJfSF6zW0eMeRV8wFgp0ZtyInO3FSdwA=", "email": "jaredtmartin@gmail.com"}}, {"pk": 1, "model": "admin.logentry", "fields": {"action_flag": 2, "action_time": "2013-11-03T04:15:31Z", "object_repr": "Highlights", "object_id": "1", "change_message": "Changed theme, material, date and category.", "user": 1, "content_type": 12}}, {"pk": 2, "model": "admin.logentry", "fields": {"action_flag": 1, "action_time": "2013-11-03T04:17:08Z", "object_repr": "What Could Make a Person\u2019s Prayers Unacceptable to God?", "object_id": "2", "change_message": "", "user": 1, "content_type": 12}}, {"pk": 3, "model": "admin.logentry", "fields": {"action_flag": 2, "action_time": "2013-11-03T05:00:15Z", "object_repr": "Matthew 1-6", "object_id": "1", "change_message": "Changed theme, material, order, date and category.", "user": 1, "content_type": 12}}, {"pk": 4, "model": "admin.logentry", "fields": {"action_flag": 1, "action_time": "2013-11-03T05:00:41Z", "object_repr": "Matthew 5:21-32", "object_id": "2", "change_message": "", "user": 1, "content_type": 12}}, {"pk": 5, "model": "admin.logentry", "fields": {"action_flag": 1, "action_time": "2013-11-03T05:02:07Z", "object_repr": "What Could Make a Person\u2019s Prayers Unacceptable to God?", "object_id": "3", "change_message": "", "user": 1, "content_type": 12}}, {"pk": 6, "model": "admin.logentry", "fields": {"action_flag": 1, "action_time": "2013-11-03T05:02:59Z", "object_repr": "What It Means to Have Jehovah's \"Your Share\"", "object_id": "4", "change_message": "", "user": 1, "content_type": 12}}, {"pk": 7, "model": "admin.logentry", "fields": {"action_flag": 1, "action_time": "2013-11-03T05:06:03Z", "object_repr": "Matthew 7-11", "object_id": "5", "change_message": "", "user": 1, "content_type": 12}}, {"pk": 8, "model": "admin.logentry", "fields": {"action_flag": 1, "action_time": "2013-11-03T05:06:31Z", "object_repr": "Matthew 10:24-42", "object_id": "6", "change_message": "", "user": 1, "content_type": 12}}, {"pk": 9, "model": "admin.logentry", "fields": {"action_flag": 1, "action_time": "2013-11-03T05:07:56Z", "object_repr": "Be Discerning, and Avoid Following Unrealities", "object_id": "7", "change_message": "", "user": 1, "content_type": 12}}, {"pk": 10, "model": "admin.logentry", "fields": {"action_flag": 1, "action_time": "2013-11-03T05:09:06Z", "object_repr": "What Are Proper Matters About Which to Pray?", "object_id": "8", "change_message": "", "user": 1, "content_type": 12}}, {"pk": 11, "model": "admin.logentry", "fields": {"action_flag": 1, "action_time": "2013-11-03T05:33:18Z", "object_repr": "Santa Ana English", "object_id": "1", "change_message": "", "user": 1, "content_type": 10}}, {"pk": 12, "model": "admin.logentry", "fields": {"action_flag": 1, "action_time": "2013-11-03T05:33:27Z", "object_repr": "Metropolis", "object_id": "2", "change_message": "", "user": 1, "content_type": 10}}, {"pk": 13, "model": "admin.logentry", "fields": {"action_flag": 1, "action_time": "2013-11-04T02:19:36Z", "object_repr": "Santa Ana English", "object_id": "1", "change_message": "", "user": 1, "content_type": 10}}, {"pk": 14, "model": "admin.logentry", "fields": {"action_flag": 1, "action_time": "2013-11-04T02:19:45Z", "object_repr": "Metropolis", "object_id": "2", "change_message": "", "user": 1, "content_type": 10}}, {"pk": 15, "model": "admin.logentry", "fields": {"action_flag": 3, "action_time": "2013-11-04T02:24:41Z", "object_repr": "What Are Proper Matters About Which to Pray?", "object_id": "16", "change_message": "", "user": 1, "content_type": 13}}, {"pk": 16, "model": "admin.logentry", "fields": {"action_flag": 3, "action_time": "2013-11-04T02:24:41Z", "object_repr": "What Are Proper Matters About Which to Pray?", "object_id": "15", "change_message": "", "user": 1, "content_type": 13}}, {"pk": 17, "model": "admin.logentry", "fields": {"action_flag": 3, "action_time": "2013-11-04T02:24:41Z", "object_repr": "Be Discerning, and Avoid Following Unrealities", "object_id": "14", "change_message": "", "user": 1, "content_type": 13}}, {"pk": 18, "model": "admin.logentry", "fields": {"action_flag": 3, "action_time": "2013-11-04T02:24:41Z", "object_repr": "Be Discerning, and Avoid Following Unrealities", "object_id": "13", "change_message": "", "user": 1, "content_type": 13}}, {"pk": 19, "model": "admin.logentry", "fields": {"action_flag": 3, "action_time": "2013-11-04T02:24:41Z", "object_repr": "", "object_id": "12", "change_message": "", "user": 1, "content_type": 13}}, {"pk": 20, "model": "admin.logentry", "fields": {"action_flag": 3, "action_time": "2013-11-04T02:24:41Z", "object_repr": "", "object_id": "11", "change_message": "", "user": 1, "content_type": 13}}, {"pk": 21, "model": "admin.logentry", "fields": {"action_flag": 3, "action_time": "2013-11-04T02:24:41Z", "object_repr": "", "object_id": "10", "change_message": "", "user": 1, "content_type": 13}}, {"pk": 22, "model": "admin.logentry", "fields": {"action_flag": 3, "action_time": "2013-11-04T02:24:41Z", "object_repr": "", "object_id": "9", "change_message": "", "user": 1, "content_type": 13}}, {"pk": 23, "model": "admin.logentry", "fields": {"action_flag": 3, "action_time": "2013-11-04T02:24:41Z", "object_repr": "What It Means to Have Jehovah's \"Your Share\"", "object_id": "8", "change_message": "", "user": 1, "content_type": 13}}, {"pk": 24, "model": "admin.logentry", "fields": {"action_flag": 3, "action_time": "2013-11-04T02:24:41Z", "object_repr": "What It Means to Have Jehovah's \"Your Share\"", "object_id": "7", "change_message": "", "user": 1, "content_type": 13}}, {"pk": 25, "model": "admin.logentry", "fields": {"action_flag": 3, "action_time": "2013-11-04T02:24:41Z", "object_repr": "What Could Make a Person\u2019s Prayers Unacceptable to God?", "object_id": "6", "change_message": "", "user": 1, "content_type": 13}}, {"pk": 26, "model": "admin.logentry", "fields": {"action_flag": 3, "action_time": "2013-11-04T02:24:41Z", "object_repr": "What Could Make a Person\u2019s Prayers Unacceptable to God?", "object_id": "5", "change_message": "", "user": 1, "content_type": 13}}, {"pk": 27, "model": "admin.logentry", "fields": {"action_flag": 3, "action_time": "2013-11-04T02:24:41Z", "object_repr": "", "object_id": "4", "change_message": "", "user": 1, "content_type": 13}}, {"pk": 28, "model": "admin.logentry", "fields": {"action_flag": 3, "action_time": "2013-11-04T02:24:41Z", "object_repr": "", "object_id": "3", "change_message": "", "user": 1, "content_type": 13}}, {"pk": 29, "model": "admin.logentry", "fields": {"action_flag": 3, "action_time": "2013-11-04T02:24:41Z", "object_repr": "", "object_id": "2", "change_message": "", "user": 1, "content_type": 13}}, {"pk": 30, "model": "admin.logentry", "fields": {"action_flag": 3, "action_time": "2013-11-04T02:24:41Z", "object_repr": "", "object_id": "1", "change_message": "", "user": 1, "content_type": 13}}, {"pk": 31, "model": "admin.logentry", "fields": {"action_flag": 2, "action_time": "2013-11-04T02:56:54Z", "object_repr": "Jared Martin", "object_id": "1", "change_message": "Changed first_name and last_name.", "user": 1, "content_type": 15}}, {"pk": 32, "model": "admin.logentry", "fields": {"action_flag": 1, "action_time": "2013-11-04T17:43:10Z", "object_repr": "Accurate Reading", "object_id": "1", "change_message": "", "user": 1, "content_type": 9}}, {"pk": 33, "model": "admin.logentry", "fields": {"action_flag": 1, "action_time": "2013-11-04T17:43:13Z", "object_repr": "Jared Martin", "object_id": "1", "change_message": "", "user": 1, "content_type": 11}}, {"pk": 34, "model": "admin.logentry", "fields": {"action_flag": 1, "action_time": "2013-11-04T17:43:35Z", "object_repr": "Rafael Trujillo", "object_id": "2", "change_message": "", "user": 1, "content_type": 11}}, {"pk": 35, "model": "admin.logentry", "fields": {"action_flag": 2, "action_time": "2013-11-04T17:44:24Z", "object_repr": "", "object_id": "1", "change_message": "Changed publisher.", "user": 1, "content_type": 13}}, {"pk": 36, "model": "admin.logentry", "fields": {"action_flag": 2, "action_time": "2013-11-04T18:21:39Z", "object_repr": "Matthew 5:21-32", "object_id": "3", "change_message": "Changed publisher.", "user": 1, "content_type": 13}}, {"pk": 37, "model": "admin.logentry", "fields": {"action_flag": 2, "action_time": "2013-11-04T18:23:02Z", "object_repr": "Number 1:", "object_id": "6", "change_message": "Changed name.", "user": 1, "content_type": 7}}, {"pk": 38, "model": "admin.logentry", "fields": {"action_flag": 2, "action_time": "2013-11-04T18:23:08Z", "object_repr": "Number 1", "object_id": "6", "change_message": "Changed name.", "user": 1, "content_type": 7}}, {"pk": 39, "model": "admin.logentry", "fields": {"action_flag": 1, "action_time": "2013-11-04T18:54:34Z", "object_repr": "jl Lessons 3-4", "object_id": "9", "change_message": "", "user": 1, "content_type": 12}}, {"pk": 40, "model": "admin.logentry", "fields": {"action_flag": 2, "action_time": "2013-11-05T03:17:00Z", "object_repr": "Number 1", "object_id": "6", "change_message": "Changed name.", "user": 1, "content_type": 7}}, {"pk": 41, "model": "admin.logentry", "fields": {"action_flag": 1, "action_time": "2013-11-05T03:19:26Z", "object_repr": "Santa Ana English", "object_id": "1", "change_message": "", "user": 1, "content_type": 10}}, {"pk": 42, "model": "admin.logentry", "fields": {"action_flag": 3, "action_time": "2013-11-05T04:14:01Z", "object_repr": "What Are Proper Matters About Which to Pray?", "object_id": "8", "change_message": "", "user": 1, "content_type": 13}}, {"pk": 43, "model": "admin.logentry", "fields": {"action_flag": 3, "action_time": "2013-11-05T04:14:01Z", "object_repr": "Be Discerning, and Avoid Following Unrealities", "object_id": "7", "change_message": "", "user": 1, "content_type": 13}}, {"pk": 44, "model": "admin.logentry", "fields": {"action_flag": 3, "action_time": "2013-11-05T04:14:01Z", "object_repr": "Matthew 10:24-42", "object_id": "6", "change_message": "", "user": 1, "content_type": 13}}, {"pk": 45, "model": "admin.logentry", "fields": {"action_flag": 3, "action_time": "2013-11-05T04:14:01Z", "object_repr": "Matthew 7-11", "object_id": "5", "change_message": "", "user": 1, "content_type": 13}}, {"pk": 46, "model": "admin.logentry", "fields": {"action_flag": 3, "action_time": "2013-11-05T04:14:01Z", "object_repr": "What It Means to Have Jehovah's \"Your Share\"", "object_id": "4", "change_message": "", "user": 1, "content_type": 13}}, {"pk": 47, "model": "admin.logentry", "fields": {"action_flag": 3, "action_time": "2013-11-05T04:14:01Z", "object_repr": "What Could Make a Person\u2019s Prayers Unacceptable to God?", "object_id": "3", "change_message": "", "user": 1, "content_type": 13}}, {"pk": 48, "model": "admin.logentry", "fields": {"action_flag": 3, "action_time": "2013-11-05T04:14:01Z", "object_repr": "Matthew 5:21-32", "object_id": "2", "change_message": "", "user": 1, "content_type": 13}}, {"pk": 49, "model": "admin.logentry", "fields": {"action_flag": 3, "action_time": "2013-11-05T04:14:01Z", "object_repr": "Matthew 1-6", "object_id": "1", "change_message": "", "user": 1, "content_type": 13}}, {"pk": 50, "model": "admin.logentry", "fields": {"action_flag": 1, "action_time": "2013-11-05T04:29:11Z", "object_repr": "Assistant", "object_id": "17", "change_message": "", "user": 1, "content_type": 7}}, {"pk": 51, "model": "admin.logentry", "fields": {"action_flag": 3, "action_time": "2013-11-05T04:33:39Z", "object_repr": "What Are Proper Matters About Which to Pray?", "object_id": "8", "change_message": "", "user": 1, "content_type": 13}}, {"pk": 52, "model": "admin.logentry", "fields": {"action_flag": 3, "action_time": "2013-11-05T04:33:39Z", "object_repr": "Be Discerning, and Avoid Following Unrealities", "object_id": "7", "change_message": "", "user": 1, "content_type": 13}}, {"pk": 53, "model": "admin.logentry", "fields": {"action_flag": 3, "action_time": "2013-11-05T04:33:39Z", "object_repr": "Matthew 10:24-42", "object_id": "6", "change_message": "", "user": 1, "content_type": 13}}, {"pk": 54, "model": "admin.logentry", "fields": {"action_flag": 3, "action_time": "2013-11-05T04:33:39Z", "object_repr": "Matthew 7-11", "object_id": "5", "change_message": "", "user": 1, "content_type": 13}}, {"pk": 55, "model": "admin.logentry", "fields": {"action_flag": 3, "action_time": "2013-11-05T04:33:39Z", "object_repr": "What It Means to Have Jehovah's \"Your Share\"", "object_id": "4", "change_message": "", "user": 1, "content_type": 13}}, {"pk": 56, "model": "admin.logentry", "fields": {"action_flag": 3, "action_time": "2013-11-05T04:33:39Z", "object_repr": "What Could Make a Person\u2019s Prayers Unacceptable to God?", "object_id": "3", "change_message": "", "user": 1, "content_type": 13}}, {"pk": 57, "model": "admin.logentry", "fields": {"action_flag": 3, "action_time": "2013-11-05T04:33:39Z", "object_repr": "Matthew 5:21-32", "object_id": "2", "change_message": "", "user": 1, "content_type": 13}}, {"pk": 58, "model": "admin.logentry", "fields": {"action_flag": 3, "action_time": "2013-11-05T04:33:39Z", "object_repr": "Matthew 1-6", "object_id": "1", "change_message": "", "user": 1, "content_type": 13}}, {"pk": 59, "model": "admin.logentry", "fields": {"action_flag": 3, "action_time": "2013-11-05T04:35:11Z", "object_repr": "What Are Proper Matters About Which to Pray?", "object_id": "8", "change_message": "", "user": 1, "content_type": 13}}, {"pk": 60, "model": "admin.logentry", "fields": {"action_flag": 3, "action_time": "2013-11-05T04:35:11Z", "object_repr": "Be Discerning, and Avoid Following Unrealities", "object_id": "7", "change_message": "", "user": 1, "content_type": 13}}, {"pk": 61, "model": "admin.logentry", "fields": {"action_flag": 3, "action_time": "2013-11-05T04:35:11Z", "object_repr": "Matthew 10:24-42", "object_id": "6", "change_message": "", "user": 1, "content_type": 13}}, {"pk": 62, "model": "admin.logentry", "fields": {"action_flag": 3, "action_time": "2013-11-05T04:35:11Z", "object_repr": "Matthew 7-11", "object_id": "5", "change_message": "", "user": 1, "content_type": 13}}, {"pk": 63, "model": "admin.logentry", "fields": {"action_flag": 3, "action_time": "2013-11-05T04:35:11Z", "object_repr": "What It Means to Have Jehovah's \"Your Share\"", "object_id": "4", "change_message": "", "user": 1, "content_type": 13}}, {"pk": 64, "model": "admin.logentry", "fields": {"action_flag": 3, "action_time": "2013-11-05T04:35:11Z", "object_repr": "What Could Make a Person\u2019s Prayers Unacceptable to God?", "object_id": "3", "change_message": "", "user": 1, "content_type": 13}}, {"pk": 65, "model": "admin.logentry", "fields": {"action_flag": 3, "action_time": "2013-11-05T04:35:11Z", "object_repr": "Matthew 5:21-32", "object_id": "2", "change_message": "", "user": 1, "content_type": 13}}, {"pk": 66, "model": "admin.logentry", "fields": {"action_flag": 3, "action_time": "2013-11-05T04:35:11Z", "object_repr": "Matthew 1-6", "object_id": "1", "change_message": "", "user": 1, "content_type": 13}}, {"pk": 67, "model": "admin.logentry", "fields": {"action_flag": 3, "action_time": "2013-11-05T22:15:35Z", "object_repr": "What Are Proper Matters About Which to Pray?", "object_id": "8", "change_message": "", "user": 1, "content_type": 13}}, {"pk": 68, "model": "admin.logentry", "fields": {"action_flag": 3, "action_time": "2013-11-05T22:15:35Z", "object_repr": "Be Discerning, and Avoid Following Unrealities", "object_id": "7", "change_message": "", "user": 1, "content_type": 13}}, {"pk": 69, "model": "admin.logentry", "fields": {"action_flag": 3, "action_time": "2013-11-05T22:15:35Z", "object_repr": "Matthew 10:24-42", "object_id": "6", "change_message": "", "user": 1, "content_type": 13}}, {"pk": 70, "model": "admin.logentry", "fields": {"action_flag": 3, "action_time": "2013-11-05T22:15:35Z", "object_repr": "Matthew 7-11", "object_id": "5", "change_message": "", "user": 1, "content_type": 13}}, {"pk": 71, "model": "admin.logentry", "fields": {"action_flag": 3, "action_time": "2013-11-05T22:15:35Z", "object_repr": "What It Means to Have Jehovah's \"Your Share\"", "object_id": "4", "change_message": "", "user": 1, "content_type": 13}}, {"pk": 72, "model": "admin.logentry", "fields": {"action_flag": 3, "action_time": "2013-11-05T22:15:35Z", "object_repr": "What Could Make a Person\u2019s Prayers Unacceptable to God?", "object_id": "3", "change_message": "", "user": 1, "content_type": 13}}, {"pk": 73, "model": "admin.logentry", "fields": {"action_flag": 3, "action_time": "2013-11-05T22:15:35Z", "object_repr": "Matthew 5:21-32", "object_id": "2", "change_message": "", "user": 1, "content_type": 13}}, {"pk": 74, "model": "admin.logentry", "fields": {"action_flag": 3, "action_time": "2013-11-05T22:15:35Z", "object_repr": "Matthew 1-6", "object_id": "1", "change_message": "", "user": 1, "content_type": 13}}, {"pk": 75, "model": "admin.logentry", "fields": {"action_flag": 1, "action_time": "2013-11-05T23:23:55Z", "object_repr": "11: Warmth and Feeling", "object_id": "1", "change_message": "", "user": 1, "content_type": 9}}, {"pk": 76, "model": "admin.logentry", "fields": {"action_flag": 1, "action_time": "2013-11-05T23:24:17Z", "object_repr": "1: Accurate Reading (p83)", "object_id": "2", "change_message": "", "user": 1, "content_type": 9}}, {"pk": 77, "model": "admin.logentry", "fields": {"action_flag": 2, "action_time": "2013-11-05T23:24:29Z", "object_repr": "11: Warmth and Feeling (p.118)", "object_id": "1", "change_message": "Changed name.", "user": 1, "content_type": 9}}, {"pk": 78, "model": "admin.logentry", "fields": {"action_flag": 2, "action_time": "2013-11-05T23:24:34Z", "object_repr": "1: Accurate Reading (p.83)", "object_id": "2", "change_message": "Changed name.", "user": 1, "content_type": 9}}, {"pk": 79, "model": "admin.logentry", "fields": {"action_flag": 1, "action_time": "2013-11-05T23:31:37Z", "object_repr": "4: Fluent Delivery (p.93)", "object_id": "3", "change_message": "", "user": 1, "content_type": 9}}, {"pk": 80, "model": "admin.logentry", "fields": {"action_flag": 1, "action_time": "2013-11-06T06:14:55Z", "object_repr": "1. Giving a house-to-house presentation", "object_id": "1", "change_message": "", "user": 1, "content_type": 8}}, {"pk": 81, "model": "admin.logentry", "fields": {"action_flag": 1, "action_time": "2013-11-06T06:15:11Z", "object_repr": "2. Overcoming a potential conversation stopper", "object_id": "2", "change_message": "", "user": 1, "content_type": 8}}, {"pk": 82, "model": "admin.logentry", "fields": {"action_flag": 1, "action_time": "2013-11-06T06:15:33Z", "object_repr": "Making the first return visit on someone who showed interest", "object_id": "3", "change_message": "", "user": 1, "content_type": 8}}, {"pk": 83, "model": "admin.logentry", "fields": {"action_flag": 1, "action_time": "2013-11-10T23:24:03Z", "object_repr": "jl Lessons 5-7", "object_id": "9", "change_message": "", "user": 1, "content_type": 12}}, {"pk": 84, "model": "admin.logentry", "fields": {"action_flag": 1, "action_time": "2013-11-10T23:24:23Z", "object_repr": "", "object_id": "10", "change_message": "", "user": 1, "content_type": 12}}, {"pk": 85, "model": "admin.logentry", "fields": {"action_flag": 1, "action_time": "2013-11-10T23:24:41Z", "object_repr": "Hebrews 1-8", "object_id": "11", "change_message": "", "user": 1, "content_type": 12}}, {"pk": 86, "model": "admin.logentry", "fields": {"action_flag": 1, "action_time": "2013-11-10T23:25:16Z", "object_repr": "Hebrews 4:1-16", "object_id": "12", "change_message": "", "user": 1, "content_type": 12}}, {"pk": 87, "model": "admin.logentry", "fields": {"action_flag": 1, "action_time": "2013-11-10T23:26:19Z", "object_repr": "How Can We Show That We Have \"the Wisdom From Above\"?", "object_id": "13", "change_message": "", "user": 1, "content_type": 12}}, {"pk": 88, "model": "admin.logentry", "fields": {"action_flag": 1, "action_time": "2013-11-10T23:27:07Z", "object_repr": "Is Loving One's Fellowman What Really Counts?", "object_id": "14", "change_message": "", "user": 1, "content_type": 12}}, {"pk": 89, "model": "admin.logentry", "fields": {"action_flag": 1, "action_time": "2013-11-10T23:28:42Z", "object_repr": "How We Can Help To Meet the Needs of Others", "object_id": "15", "change_message": "", "user": 1, "content_type": 12}}, {"pk": 90, "model": "admin.logentry", "fields": {"action_flag": 1, "action_time": "2013-11-10T23:29:21Z", "object_repr": "How To Overcome Nervousness When Preaching", "object_id": "16", "change_message": "", "user": 1, "content_type": 12}}, {"pk": 91, "model": "admin.logentry", "fields": {"action_flag": 1, "action_time": "2013-11-10T23:30:03Z", "object_repr": "\"Take as a Pattern the Prophets - Hosea\"", "object_id": "17", "change_message": "", "user": 1, "content_type": 12}}, {"pk": 92, "model": "admin.logentry", "fields": {"action_flag": 1, "action_time": "2013-11-10T23:31:37Z", "object_repr": "jl Lessons 8-10", "object_id": "18", "change_message": "", "user": 1, "content_type": 12}}, {"pk": 93, "model": "admin.logentry", "fields": {"action_flag": 1, "action_time": "2013-11-10T23:31:47Z", "object_repr": "", "object_id": "19", "change_message": "", "user": 1, "content_type": 12}}, {"pk": 94, "model": "admin.logentry", "fields": {"action_flag": 1, "action_time": "2013-11-10T23:33:07Z", "object_repr": "Hebrews 9-13", "object_id": "20", "change_message": "", "user": 1, "content_type": 12}}, {"pk": 95, "model": "admin.logentry", "fields": {"action_flag": 2, "action_time": "2013-11-10T23:33:31Z", "object_repr": "Hebrews 9-13", "object_id": "20", "change_message": "Changed order.", "user": 1, "content_type": 12}}, {"pk": 96, "model": "admin.logentry", "fields": {"action_flag": 1, "action_time": "2013-11-10T23:33:57Z", "object_repr": "Hebrews 10:19-39", "object_id": "21", "change_message": "", "user": 1, "content_type": 12}}, {"pk": 97, "model": "admin.logentry", "fields": {"action_flag": 1, "action_time": "2013-11-10T23:34:47Z", "object_repr": "Is Having a Personal Relationship With God the Really Important ", "object_id": "22", "change_message": "", "user": 1, "content_type": 12}}, {"pk": 98, "model": "admin.logentry", "fields": {"action_flag": 1, "action_time": "2013-11-10T23:35:15Z", "object_repr": "Ways in Which We Can Comfort Others", "object_id": "23", "change_message": "", "user": 1, "content_type": 12}}, {"pk": 99, "model": "admin.logentry", "fields": {"action_flag": 1, "action_time": "2013-11-10T23:35:34Z", "object_repr": "Question Box", "object_id": "24", "change_message": "", "user": 1, "content_type": 12}}, {"pk": 100, "model": "admin.logentry", "fields": {"action_flag": 1, "action_time": "2013-11-10T23:35:57Z", "object_repr": "\"I Am Here Because . . .\"", "object_id": "25", "change_message": "", "user": 1, "content_type": 12}}, {"pk": 101, "model": "admin.logentry", "fields": {"action_flag": 1, "action_time": "2013-11-10T23:36:24Z", "object_repr": "Jehovah Listens to the Prayers of His Servants.", "object_id": "26", "change_message": "", "user": 1, "content_type": 12}}, {"pk": 102, "model": "admin.logentry", "fields": {"action_flag": 1, "action_time": "2013-11-10T23:36:44Z", "object_repr": "Song 56 and Prayer", "object_id": "27", "change_message": "", "user": 1, "content_type": 12}}, {"pk": 103, "model": "admin.logentry", "fields": {"action_flag": 1, "action_time": "2013-11-10T23:37:09Z", "object_repr": "Song 113 and Prayer", "object_id": "28", "change_message": "", "user": 1, "content_type": 12}}, {"pk": 104, "model": "admin.logentry", "fields": {"action_flag": 1, "action_time": "2013-11-10T23:37:29Z", "object_repr": "jl Lessons 11-13", "object_id": "29", "change_message": "", "user": 1, "content_type": 12}}, {"pk": 105, "model": "admin.logentry", "fields": {"action_flag": 1, "action_time": "2013-11-10T23:37:39Z", "object_repr": "", "object_id": "30", "change_message": "", "user": 1, "content_type": 12}}, {"pk": 106, "model": "admin.logentry", "fields": {"action_flag": 1, "action_time": "2013-11-10T23:37:55Z", "object_repr": "James 1-5", "object_id": "31", "change_message": "", "user": 1, "content_type": 12}}, {"pk": 107, "model": "admin.logentry", "fields": {"action_flag": 1, "action_time": "2013-11-10T23:38:15Z", "object_repr": "James 1:22\u20132:13", "object_id": "32", "change_message": "", "user": 1, "content_type": 12}}, {"pk": 108, "model": "admin.logentry", "fields": {"action_flag": 1, "action_time": "2013-11-10T23:38:34Z", "object_repr": "How Love Overcomes Fear", "object_id": "33", "change_message": "", "user": 1, "content_type": 12}}, {"pk": 109, "model": "admin.logentry", "fields": {"action_flag": 1, "action_time": "2013-11-10T23:39:02Z", "object_repr": "Why Just Reading the Bible Is Not Sufficient", "object_id": "34", "change_message": "", "user": 1, "content_type": 12}}, {"pk": 110, "model": "admin.logentry", "fields": {"action_flag": 1, "action_time": "2013-11-10T23:40:05Z", "object_repr": "Ideas for Offering the Magazines in December.", "object_id": "35", "change_message": "", "user": 1, "content_type": 12}}, {"pk": 111, "model": "admin.logentry", "fields": {"action_flag": 1, "action_time": "2013-11-10T23:40:44Z", "object_repr": "", "object_id": "36", "change_message": "", "user": 1, "content_type": 12}}, {"pk": 112, "model": "admin.logentry", "fields": {"action_flag": 1, "action_time": "2013-11-10T23:41:13Z", "object_repr": "How Should You Answer?", "object_id": "37", "change_message": "", "user": 1, "content_type": 12}}, {"pk": 113, "model": "admin.logentry", "fields": {"action_flag": 1, "action_time": "2013-11-10T23:41:30Z", "object_repr": "", "object_id": "38", "change_message": "", "user": 1, "content_type": 12}}, {"pk": 114, "model": "admin.logentry", "fields": {"action_flag": 1, "action_time": "2013-11-10T23:42:05Z", "object_repr": "A Helpful Series for Our Ministry.", "object_id": "39", "change_message": "", "user": 1, "content_type": 12}}, {"pk": 115, "model": "admin.logentry", "fields": {"action_flag": 1, "action_time": "2013-11-10T23:42:15Z", "object_repr": "", "object_id": "40", "change_message": "", "user": 1, "content_type": 12}}, {"pk": 116, "model": "admin.logentry", "fields": {"action_flag": 1, "action_time": "2013-11-10T23:42:36Z", "object_repr": "Song 45 and Prayer", "object_id": "41", "change_message": "", "user": 1, "content_type": 12}}, {"pk": 117, "model": "admin.logentry", "fields": {"action_flag": 1, "action_time": "2013-11-10T23:43:04Z", "object_repr": "jl Lessons 14-16", "object_id": "42", "change_message": "", "user": 1, "content_type": 12}}, {"pk": 118, "model": "admin.logentry", "fields": {"action_flag": 1, "action_time": "2013-11-10T23:44:15Z", "object_repr": "", "object_id": "43", "change_message": "", "user": 1, "content_type": 12}}, {"pk": 119, "model": "admin.logentry", "fields": {"action_flag": 1, "action_time": "2013-11-10T23:44:35Z", "object_repr": "1 Peter 1\u20132 Peter 3", "object_id": "44", "change_message": "", "user": 1, "content_type": 12}}, {"pk": 120, "model": "admin.logentry", "fields": {"action_flag": 1, "action_time": "2013-11-10T23:45:28Z", "object_repr": "1 Peter 2:18\u20133:7", "object_id": "45", "change_message": "", "user": 1, "content_type": 12}}, {"pk": 121, "model": "admin.logentry", "fields": {"action_flag": 1, "action_time": "2013-11-10T23:46:21Z", "object_repr": "The Right Religion Is Bible-Based and Makes Known God\u2019s Name", "object_id": "46", "change_message": "", "user": 1, "content_type": 12}}, {"pk": 122, "model": "admin.logentry", "fields": {"action_flag": 1, "action_time": "2013-11-11T00:59:55Z", "object_repr": "Why We Are Sure That Jesus Is the Messiah", "object_id": "47", "change_message": "", "user": 1, "content_type": 12}}, {"pk": 123, "model": "admin.logentry", "fields": {"action_flag": 3, "action_time": "2013-11-11T01:35:39Z", "object_repr": "", "object_id": "40", "change_message": "", "user": 1, "content_type": 12}}, {"pk": 124, "model": "admin.logentry", "fields": {"action_flag": 3, "action_time": "2013-11-11T01:35:39Z", "object_repr": "", "object_id": "36", "change_message": "", "user": 1, "content_type": 12}}, {"pk": 125, "model": "admin.logentry", "fields": {"action_flag": 1, "action_time": "2013-11-11T01:36:18Z", "object_repr": "Start a Bible Study on the First Saturday.", "object_id": "48", "change_message": "", "user": 1, "content_type": 12}}, {"pk": 126, "model": "admin.logentry", "fields": {"action_flag": 1, "action_time": "2013-11-11T01:36:41Z", "object_repr": "Have You Tried It?", "object_id": "49", "change_message": "", "user": 1, "content_type": 12}}, {"pk": 127, "model": "admin.logentry", "fields": {"action_flag": 1, "action_time": "2013-11-11T01:37:11Z", "object_repr": "Local needs", "object_id": "50", "change_message": "", "user": 1, "content_type": 12}}, {"pk": 128, "model": "admin.logentry", "fields": {"action_flag": 1, "action_time": "2013-11-11T01:37:28Z", "object_repr": "Song 12 and Prayer", "object_id": "51", "change_message": "", "user": 1, "content_type": 12}}, {"pk": 129, "model": "admin.logentry", "fields": {"action_flag": 2, "action_time": "2013-11-11T02:07:24Z", "object_repr": "Service Meeting Part by Elder", "object_id": "11", "change_message": "Changed name.", "user": 1, "content_type": 7}}, {"pk": 130, "model": "admin.logentry", "fields": {"action_flag": 1, "action_time": "2013-11-11T02:11:16Z", "object_repr": "Cong. Bible Study", "object_id": "1", "change_message": "", "user": 1, "content_type": 16}}, {"pk": 131, "model": "admin.logentry", "fields": {"action_flag": 1, "action_time": "2013-11-11T02:11:27Z", "object_repr": "Theocratic Ministry School", "object_id": "2", "change_message": "", "user": 1, "content_type": 16}}, {"pk": 132, "model": "admin.logentry", "fields": {"action_flag": 1, "action_time": "2013-11-11T02:11:33Z", "object_repr": "Service Meeting", "object_id": "3", "change_message": "", "user": 1, "content_type": 16}}, {"pk": 133, "model": "admin.logentry", "fields": {"action_flag": 2, "action_time": "2013-11-11T02:11:53Z", "object_repr": "Prayer", "object_id": "2", "change_message": "Changed meeting.", "user": 1, "content_type": 7}}, {"pk": 134, "model": "admin.logentry", "fields": {"action_flag": 2, "action_time": "2013-11-11T02:12:02Z", "object_repr": "Highlights", "object_id": "5", "change_message": "Changed meeting.", "user": 1, "content_type": 7}}, {"pk": 135, "model": "admin.logentry", "fields": {"action_flag": 2, "action_time": "2013-11-11T02:12:08Z", "object_repr": "Number 1", "object_id": "6", "change_message": "Changed meeting.", "user": 1, "content_type": 7}}, {"pk": 136, "model": "admin.logentry", "fields": {"action_flag": 2, "action_time": "2013-11-11T02:12:13Z", "object_repr": "Number 2", "object_id": "7", "change_message": "Changed meeting.", "user": 1, "content_type": 7}}, {"pk": 137, "model": "admin.logentry", "fields": {"action_flag": 2, "action_time": "2013-11-11T02:12:18Z", "object_repr": "Number 3", "object_id": "8", "change_message": "Changed meeting.", "user": 1, "content_type": 7}}, {"pk": 138, "model": "admin.logentry", "fields": {"action_flag": 2, "action_time": "2013-11-11T02:12:24Z", "object_repr": "Service Meeting Part", "object_id": "9", "change_message": "Changed meeting.", "user": 1, "content_type": 7}}, {"pk": 139, "model": "admin.logentry", "fields": {"action_flag": 2, "action_time": "2013-11-11T02:12:30Z", "object_repr": "Service Overseer", "object_id": "10", "change_message": "Changed meeting.", "user": 1, "content_type": 7}}, {"pk": 140, "model": "admin.logentry", "fields": {"action_flag": 2, "action_time": "2013-11-11T02:12:41Z", "object_repr": "Service Meeting Part by Elder", "object_id": "11", "change_message": "Changed meeting.", "user": 1, "content_type": 7}}, {"pk": 141, "model": "admin.logentry", "fields": {"action_flag": 2, "action_time": "2013-11-11T02:12:47Z", "object_repr": "Service Meeting Part by Service Overseer", "object_id": "10", "change_message": "Changed name.", "user": 1, "content_type": 7}}, {"pk": 142, "model": "admin.logentry", "fields": {"action_flag": 2, "action_time": "2013-11-11T02:12:54Z", "object_repr": "Demonstration", "object_id": "12", "change_message": "Changed meeting.", "user": 1, "content_type": 7}}, {"pk": 143, "model": "admin.logentry", "fields": {"action_flag": 1, "action_time": "2013-11-11T02:13:11Z", "object_repr": "Sound & Stage", "object_id": "4", "change_message": "", "user": 1, "content_type": 16}}, {"pk": 144, "model": "admin.logentry", "fields": {"action_flag": 2, "action_time": "2013-11-11T02:13:46Z", "object_repr": "Microphones", "object_id": "13", "change_message": "Changed meeting.", "user": 1, "content_type": 7}}, {"pk": 145, "model": "admin.logentry", "fields": {"action_flag": 2, "action_time": "2013-11-11T02:13:51Z", "object_repr": "Sound Console", "object_id": "14", "change_message": "Changed meeting.", "user": 1, "content_type": 7}}, {"pk": 146, "model": "admin.logentry", "fields": {"action_flag": 2, "action_time": "2013-11-11T02:13:59Z", "object_repr": "Platform", "object_id": "15", "change_message": "Changed meeting.", "user": 1, "content_type": 7}}, {"pk": 147, "model": "admin.logentry", "fields": {"action_flag": 2, "action_time": "2013-11-11T02:14:06Z", "object_repr": "Attendant", "object_id": "16", "change_message": "Changed meeting.", "user": 1, "content_type": 7}}, {"pk": 148, "model": "admin.logentry", "fields": {"action_flag": 2, "action_time": "2013-11-11T02:14:12Z", "object_repr": "Assistant", "object_id": "17", "change_message": "Changed meeting.", "user": 1, "content_type": 7}}, {"pk": 149, "model": "admin.logentry", "fields": {"action_flag": 3, "action_time": "2013-11-11T03:00:26Z", "object_repr": "Song 12 and Prayer", "object_id": "49", "change_message": "", "user": 1, "content_type": 13}}, {"pk": 150, "model": "admin.logentry", "fields": {"action_flag": 3, "action_time": "2013-11-11T03:00:26Z", "object_repr": "Local needs", "object_id": "48", "change_message": "", "user": 1, "content_type": 13}}, {"pk": 151, "model": "admin.logentry", "fields": {"action_flag": 3, "action_time": "2013-11-11T03:00:26Z", "object_repr": "Have You Tried It?", "object_id": "47", "change_message": "", "user": 1, "content_type": 13}}, {"pk": 152, "model": "admin.logentry", "fields": {"action_flag": 3, "action_time": "2013-11-11T03:00:26Z", "object_repr": "Start a Bible Study on the First Saturday.", "object_id": "46", "change_message": "", "user": 1, "content_type": 13}}, {"pk": 153, "model": "admin.logentry", "fields": {"action_flag": 3, "action_time": "2013-11-11T03:00:26Z", "object_repr": "Why We Are Sure That Jesus Is the Messiah", "object_id": "45", "change_message": "", "user": 1, "content_type": 13}}, {"pk": 154, "model": "admin.logentry", "fields": {"action_flag": 3, "action_time": "2013-11-11T03:00:26Z", "object_repr": "The Right Religion Is Bible-Based and Makes Known God\u2019s Name", "object_id": "44", "change_message": "", "user": 1, "content_type": 13}}, {"pk": 155, "model": "admin.logentry", "fields": {"action_flag": 3, "action_time": "2013-11-11T03:00:26Z", "object_repr": "1 Peter 2:18\u20133:7", "object_id": "43", "change_message": "", "user": 1, "content_type": 13}}, {"pk": 156, "model": "admin.logentry", "fields": {"action_flag": 3, "action_time": "2013-11-11T03:00:26Z", "object_repr": "1 Peter 1\u20132 Peter 3", "object_id": "42", "change_message": "", "user": 1, "content_type": 13}}, {"pk": 157, "model": "admin.logentry", "fields": {"action_flag": 3, "action_time": "2013-11-11T03:00:26Z", "object_repr": "", "object_id": "41", "change_message": "", "user": 1, "content_type": 13}}, {"pk": 158, "model": "admin.logentry", "fields": {"action_flag": 3, "action_time": "2013-11-11T03:00:26Z", "object_repr": "jl Lessons 14-16", "object_id": "40", "change_message": "", "user": 1, "content_type": 13}}, {"pk": 159, "model": "admin.logentry", "fields": {"action_flag": 3, "action_time": "2013-11-11T03:00:26Z", "object_repr": "Song 45 and Prayer", "object_id": "39", "change_message": "", "user": 1, "content_type": 13}}, {"pk": 160, "model": "admin.logentry", "fields": {"action_flag": 3, "action_time": "2013-11-11T03:00:26Z", "object_repr": "A Helpful Series for Our Ministry.", "object_id": "38", "change_message": "", "user": 1, "content_type": 13}}, {"pk": 161, "model": "admin.logentry", "fields": {"action_flag": 3, "action_time": "2013-11-11T03:00:26Z", "object_repr": "", "object_id": "37", "change_message": "", "user": 1, "content_type": 13}}, {"pk": 162, "model": "admin.logentry", "fields": {"action_flag": 3, "action_time": "2013-11-11T03:00:26Z", "object_repr": "How Should You Answer?", "object_id": "36", "change_message": "", "user": 1, "content_type": 13}}, {"pk": 163, "model": "admin.logentry", "fields": {"action_flag": 3, "action_time": "2013-11-11T03:00:26Z", "object_repr": "Ideas for Offering the Magazines in December.", "object_id": "35", "change_message": "", "user": 1, "content_type": 13}}, {"pk": 164, "model": "admin.logentry", "fields": {"action_flag": 3, "action_time": "2013-11-11T03:00:26Z", "object_repr": "Why Just Reading the Bible Is Not Sufficient", "object_id": "34", "change_message": "", "user": 1, "content_type": 13}}, {"pk": 165, "model": "admin.logentry", "fields": {"action_flag": 3, "action_time": "2013-11-11T03:00:26Z", "object_repr": "How Love Overcomes Fear", "object_id": "33", "change_message": "", "user": 1, "content_type": 13}}, {"pk": 166, "model": "admin.logentry", "fields": {"action_flag": 3, "action_time": "2013-11-11T03:00:26Z", "object_repr": "James 1:22\u20132:13", "object_id": "32", "change_message": "", "user": 1, "content_type": 13}}, {"pk": 167, "model": "admin.logentry", "fields": {"action_flag": 3, "action_time": "2013-11-11T03:00:26Z", "object_repr": "James 1-5", "object_id": "31", "change_message": "", "user": 1, "content_type": 13}}, {"pk": 168, "model": "admin.logentry", "fields": {"action_flag": 3, "action_time": "2013-11-11T03:00:26Z", "object_repr": "", "object_id": "30", "change_message": "", "user": 1, "content_type": 13}}, {"pk": 169, "model": "admin.logentry", "fields": {"action_flag": 3, "action_time": "2013-11-11T03:00:26Z", "object_repr": "jl Lessons 11-13", "object_id": "29", "change_message": "", "user": 1, "content_type": 13}}, {"pk": 170, "model": "admin.logentry", "fields": {"action_flag": 3, "action_time": "2013-11-11T03:00:26Z", "object_repr": "Song 113 and Prayer", "object_id": "28", "change_message": "", "user": 1, "content_type": 13}}, {"pk": 171, "model": "admin.logentry", "fields": {"action_flag": 3, "action_time": "2013-11-11T03:00:26Z", "object_repr": "Song 56 and Prayer", "object_id": "27", "change_message": "", "user": 1, "content_type": 13}}, {"pk": 172, "model": "admin.logentry", "fields": {"action_flag": 3, "action_time": "2013-11-11T03:00:26Z", "object_repr": "Jehovah Listens to the Prayers of His Servants.", "object_id": "26", "change_message": "", "user": 1, "content_type": 13}}, {"pk": 173, "model": "admin.logentry", "fields": {"action_flag": 3, "action_time": "2013-11-11T03:00:26Z", "object_repr": "\"I Am Here Because . . .\"", "object_id": "25", "change_message": "", "user": 1, "content_type": 13}}, {"pk": 174, "model": "admin.logentry", "fields": {"action_flag": 3, "action_time": "2013-11-11T03:00:26Z", "object_repr": "Question Box", "object_id": "24", "change_message": "", "user": 1, "content_type": 13}}, {"pk": 175, "model": "admin.logentry", "fields": {"action_flag": 3, "action_time": "2013-11-11T03:00:26Z", "object_repr": "Ways in Which We Can Comfort Others", "object_id": "23", "change_message": "", "user": 1, "content_type": 13}}, {"pk": 176, "model": "admin.logentry", "fields": {"action_flag": 3, "action_time": "2013-11-11T03:00:26Z", "object_repr": "Is Having a Personal Relationship With God the Really Important ", "object_id": "22", "change_message": "", "user": 1, "content_type": 13}}, {"pk": 177, "model": "admin.logentry", "fields": {"action_flag": 3, "action_time": "2013-11-11T03:00:26Z", "object_repr": "Hebrews 10:19-39", "object_id": "21", "change_message": "", "user": 1, "content_type": 13}}, {"pk": 178, "model": "admin.logentry", "fields": {"action_flag": 3, "action_time": "2013-11-11T03:00:26Z", "object_repr": "Hebrews 9-13", "object_id": "20", "change_message": "", "user": 1, "content_type": 13}}, {"pk": 179, "model": "admin.logentry", "fields": {"action_flag": 3, "action_time": "2013-11-11T03:00:26Z", "object_repr": "", "object_id": "19", "change_message": "", "user": 1, "content_type": 13}}, {"pk": 180, "model": "admin.logentry", "fields": {"action_flag": 3, "action_time": "2013-11-11T03:00:26Z", "object_repr": "jl Lessons 8-10", "object_id": "18", "change_message": "", "user": 1, "content_type": 13}}, {"pk": 181, "model": "admin.logentry", "fields": {"action_flag": 3, "action_time": "2013-11-11T03:00:26Z", "object_repr": "\"Take as a Pattern the Prophets - Hosea\"", "object_id": "17", "change_message": "", "user": 1, "content_type": 13}}, {"pk": 182, "model": "admin.logentry", "fields": {"action_flag": 3, "action_time": "2013-11-11T03:00:26Z", "object_repr": "How To Overcome Nervousness When Preaching", "object_id": "16", "change_message": "", "user": 1, "content_type": 13}}, {"pk": 183, "model": "admin.logentry", "fields": {"action_flag": 3, "action_time": "2013-11-11T03:00:26Z", "object_repr": "How We Can Help To Meet the Needs of Others", "object_id": "15", "change_message": "", "user": 1, "content_type": 13}}, {"pk": 184, "model": "admin.logentry", "fields": {"action_flag": 3, "action_time": "2013-11-11T03:00:26Z", "object_repr": "Is Loving One's Fellowman What Really Counts?", "object_id": "14", "change_message": "", "user": 1, "content_type": 13}}, {"pk": 185, "model": "admin.logentry", "fields": {"action_flag": 3, "action_time": "2013-11-11T03:00:26Z", "object_repr": "How Can We Show That We Have \"the Wisdom From Above\"?", "object_id": "13", "change_message": "", "user": 1, "content_type": 13}}, {"pk": 186, "model": "admin.logentry", "fields": {"action_flag": 3, "action_time": "2013-11-11T03:00:26Z", "object_repr": "Hebrews 4:1-16", "object_id": "12", "change_message": "", "user": 1, "content_type": 13}}, {"pk": 187, "model": "admin.logentry", "fields": {"action_flag": 3, "action_time": "2013-11-11T03:00:26Z", "object_repr": "Hebrews 1-8", "object_id": "11", "change_message": "", "user": 1, "content_type": 13}}, {"pk": 188, "model": "admin.logentry", "fields": {"action_flag": 3, "action_time": "2013-11-11T03:00:26Z", "object_repr": "", "object_id": "10", "change_message": "", "user": 1, "content_type": 13}}, {"pk": 189, "model": "admin.logentry", "fields": {"action_flag": 3, "action_time": "2013-11-11T03:00:26Z", "object_repr": "jl Lessons 5-7", "object_id": "9", "change_message": "", "user": 1, "content_type": 13}}, {"pk": 190, "model": "admin.logentry", "fields": {"action_flag": 3, "action_time": "2013-11-11T03:00:26Z", "object_repr": "What Are Proper Matters About Which to Pray?", "object_id": "8", "change_message": "", "user": 1, "content_type": 13}}, {"pk": 191, "model": "admin.logentry", "fields": {"action_flag": 3, "action_time": "2013-11-11T03:00:26Z", "object_repr": "Be Discerning, and Avoid Following Unrealities", "object_id": "7", "change_message": "", "user": 1, "content_type": 13}}, {"pk": 192, "model": "admin.logentry", "fields": {"action_flag": 3, "action_time": "2013-11-11T03:00:26Z", "object_repr": "Matthew 10:24-42", "object_id": "6", "change_message": "", "user": 1, "content_type": 13}}, {"pk": 193, "model": "admin.logentry", "fields": {"action_flag": 3, "action_time": "2013-11-11T03:00:26Z", "object_repr": "Matthew 7-11", "object_id": "5", "change_message": "", "user": 1, "content_type": 13}}, {"pk": 194, "model": "admin.logentry", "fields": {"action_flag": 3, "action_time": "2013-11-11T03:00:26Z", "object_repr": "What It Means to Have Jehovah's \"Your Share\"", "object_id": "4", "change_message": "", "user": 1, "content_type": 13}}, {"pk": 195, "model": "admin.logentry", "fields": {"action_flag": 3, "action_time": "2013-11-11T03:00:26Z", "object_repr": "What Could Make a Person\u2019s Prayers Unacceptable to God?", "object_id": "3", "change_message": "", "user": 1, "content_type": 13}}, {"pk": 196, "model": "admin.logentry", "fields": {"action_flag": 3, "action_time": "2013-11-11T03:00:26Z", "object_repr": "Matthew 5:21-32", "object_id": "2", "change_message": "", "user": 1, "content_type": 13}}, {"pk": 197, "model": "admin.logentry", "fields": {"action_flag": 3, "action_time": "2013-11-11T03:00:26Z", "object_repr": "Matthew 1-6", "object_id": "1", "change_message": "", "user": 1, "content_type": 13}}, {"pk": 198, "model": "admin.logentry", "fields": {"action_flag": 3, "action_time": "2013-11-11T03:06:14Z", "object_repr": "Song 12 and Prayer", "object_id": "49", "change_message": "", "user": 1, "content_type": 13}}, {"pk": 199, "model": "admin.logentry", "fields": {"action_flag": 3, "action_time": "2013-11-11T03:06:14Z", "object_repr": "Local needs", "object_id": "48", "change_message": "", "user": 1, "content_type": 13}}, {"pk": 200, "model": "admin.logentry", "fields": {"action_flag": 3, "action_time": "2013-11-11T03:06:14Z", "object_repr": "Have You Tried It?", "object_id": "47", "change_message": "", "user": 1, "content_type": 13}}, {"pk": 201, "model": "admin.logentry", "fields": {"action_flag": 3, "action_time": "2013-11-11T03:06:14Z", "object_repr": "Start a Bible Study on the First Saturday.", "object_id": "46", "change_message": "", "user": 1, "content_type": 13}}, {"pk": 202, "model": "admin.logentry", "fields": {"action_flag": 3, "action_time": "2013-11-11T03:06:14Z", "object_repr": "Why We Are Sure That Jesus Is the Messiah", "object_id": "45", "change_message": "", "user": 1, "content_type": 13}}, {"pk": 203, "model": "admin.logentry", "fields": {"action_flag": 3, "action_time": "2013-11-11T03:06:14Z", "object_repr": "The Right Religion Is Bible-Based and Makes Known God\u2019s Name", "object_id": "44", "change_message": "", "user": 1, "content_type": 13}}, {"pk": 204, "model": "admin.logentry", "fields": {"action_flag": 3, "action_time": "2013-11-11T03:06:14Z", "object_repr": "1 Peter 2:18\u20133:7", "object_id": "43", "change_message": "", "user": 1, "content_type": 13}}, {"pk": 205, "model": "admin.logentry", "fields": {"action_flag": 3, "action_time": "2013-11-11T03:06:14Z", "object_repr": "1 Peter 1\u20132 Peter 3", "object_id": "42", "change_message": "", "user": 1, "content_type": 13}}, {"pk": 206, "model": "admin.logentry", "fields": {"action_flag": 3, "action_time": "2013-11-11T03:06:14Z", "object_repr": "", "object_id": "41", "change_message": "", "user": 1, "content_type": 13}}, {"pk": 207, "model": "admin.logentry", "fields": {"action_flag": 3, "action_time": "2013-11-11T03:06:14Z", "object_repr": "jl Lessons 14-16", "object_id": "40", "change_message": "", "user": 1, "content_type": 13}}, {"pk": 208, "model": "admin.logentry", "fields": {"action_flag": 3, "action_time": "2013-11-11T03:06:14Z", "object_repr": "Song 45 and Prayer", "object_id": "39", "change_message": "", "user": 1, "content_type": 13}}, {"pk": 209, "model": "admin.logentry", "fields": {"action_flag": 3, "action_time": "2013-11-11T03:06:14Z", "object_repr": "A Helpful Series for Our Ministry.", "object_id": "38", "change_message": "", "user": 1, "content_type": 13}}, {"pk": 210, "model": "admin.logentry", "fields": {"action_flag": 3, "action_time": "2013-11-11T03:06:14Z", "object_repr": "", "object_id": "37", "change_message": "", "user": 1, "content_type": 13}}, {"pk": 211, "model": "admin.logentry", "fields": {"action_flag": 3, "action_time": "2013-11-11T03:06:14Z", "object_repr": "How Should You Answer?", "object_id": "36", "change_message": "", "user": 1, "content_type": 13}}, {"pk": 212, "model": "admin.logentry", "fields": {"action_flag": 3, "action_time": "2013-11-11T03:06:14Z", "object_repr": "Ideas for Offering the Magazines in December.", "object_id": "35", "change_message": "", "user": 1, "content_type": 13}}, {"pk": 213, "model": "admin.logentry", "fields": {"action_flag": 3, "action_time": "2013-11-11T03:06:14Z", "object_repr": "Why Just Reading the Bible Is Not Sufficient", "object_id": "34", "change_message": "", "user": 1, "content_type": 13}}, {"pk": 214, "model": "admin.logentry", "fields": {"action_flag": 3, "action_time": "2013-11-11T03:06:14Z", "object_repr": "How Love Overcomes Fear", "object_id": "33", "change_message": "", "user": 1, "content_type": 13}}, {"pk": 215, "model": "admin.logentry", "fields": {"action_flag": 3, "action_time": "2013-11-11T03:06:14Z", "object_repr": "James 1:22\u20132:13", "object_id": "32", "change_message": "", "user": 1, "content_type": 13}}, {"pk": 216, "model": "admin.logentry", "fields": {"action_flag": 3, "action_time": "2013-11-11T03:06:14Z", "object_repr": "James 1-5", "object_id": "31", "change_message": "", "user": 1, "content_type": 13}}, {"pk": 217, "model": "admin.logentry", "fields": {"action_flag": 3, "action_time": "2013-11-11T03:06:15Z", "object_repr": "", "object_id": "30", "change_message": "", "user": 1, "content_type": 13}}, {"pk": 218, "model": "admin.logentry", "fields": {"action_flag": 3, "action_time": "2013-11-11T03:06:15Z", "object_repr": "jl Lessons 11-13", "object_id": "29", "change_message": "", "user": 1, "content_type": 13}}, {"pk": 219, "model": "admin.logentry", "fields": {"action_flag": 3, "action_time": "2013-11-11T03:06:15Z", "object_repr": "Song 113 and Prayer", "object_id": "28", "change_message": "", "user": 1, "content_type": 13}}, {"pk": 220, "model": "admin.logentry", "fields": {"action_flag": 3, "action_time": "2013-11-11T03:06:15Z", "object_repr": "Song 56 and Prayer", "object_id": "27", "change_message": "", "user": 1, "content_type": 13}}, {"pk": 221, "model": "admin.logentry", "fields": {"action_flag": 3, "action_time": "2013-11-11T03:06:15Z", "object_repr": "Jehovah Listens to the Prayers of His Servants.", "object_id": "26", "change_message": "", "user": 1, "content_type": 13}}, {"pk": 222, "model": "admin.logentry", "fields": {"action_flag": 3, "action_time": "2013-11-11T03:06:15Z", "object_repr": "\"I Am Here Because . . .\"", "object_id": "25", "change_message": "", "user": 1, "content_type": 13}}, {"pk": 223, "model": "admin.logentry", "fields": {"action_flag": 3, "action_time": "2013-11-11T03:06:15Z", "object_repr": "Question Box", "object_id": "24", "change_message": "", "user": 1, "content_type": 13}}, {"pk": 224, "model": "admin.logentry", "fields": {"action_flag": 3, "action_time": "2013-11-11T03:06:15Z", "object_repr": "Ways in Which We Can Comfort Others", "object_id": "23", "change_message": "", "user": 1, "content_type": 13}}, {"pk": 225, "model": "admin.logentry", "fields": {"action_flag": 3, "action_time": "2013-11-11T03:06:15Z", "object_repr": "Is Having a Personal Relationship With God the Really Important ", "object_id": "22", "change_message": "", "user": 1, "content_type": 13}}, {"pk": 226, "model": "admin.logentry", "fields": {"action_flag": 3, "action_time": "2013-11-11T03:06:15Z", "object_repr": "Hebrews 10:19-39", "object_id": "21", "change_message": "", "user": 1, "content_type": 13}}, {"pk": 227, "model": "admin.logentry", "fields": {"action_flag": 3, "action_time": "2013-11-11T03:06:15Z", "object_repr": "Hebrews 9-13", "object_id": "20", "change_message": "", "user": 1, "content_type": 13}}, {"pk": 228, "model": "admin.logentry", "fields": {"action_flag": 3, "action_time": "2013-11-11T03:06:15Z", "object_repr": "", "object_id": "19", "change_message": "", "user": 1, "content_type": 13}}, {"pk": 229, "model": "admin.logentry", "fields": {"action_flag": 3, "action_time": "2013-11-11T03:06:15Z", "object_repr": "jl Lessons 8-10", "object_id": "18", "change_message": "", "user": 1, "content_type": 13}}, {"pk": 230, "model": "admin.logentry", "fields": {"action_flag": 3, "action_time": "2013-11-11T03:06:15Z", "object_repr": "\"Take as a Pattern the Prophets - Hosea\"", "object_id": "17", "change_message": "", "user": 1, "content_type": 13}}, {"pk": 231, "model": "admin.logentry", "fields": {"action_flag": 3, "action_time": "2013-11-11T03:06:15Z", "object_repr": "How To Overcome Nervousness When Preaching", "object_id": "16", "change_message": "", "user": 1, "content_type": 13}}, {"pk": 232, "model": "admin.logentry", "fields": {"action_flag": 3, "action_time": "2013-11-11T03:06:15Z", "object_repr": "How We Can Help To Meet the Needs of Others", "object_id": "15", "change_message": "", "user": 1, "content_type": 13}}, {"pk": 233, "model": "admin.logentry", "fields": {"action_flag": 3, "action_time": "2013-11-11T03:06:15Z", "object_repr": "Is Loving One's Fellowman What Really Counts?", "object_id": "14", "change_message": "", "user": 1, "content_type": 13}}, {"pk": 234, "model": "admin.logentry", "fields": {"action_flag": 3, "action_time": "2013-11-11T03:06:15Z", "object_repr": "How Can We Show That We Have \"the Wisdom From Above\"?", "object_id": "13", "change_message": "", "user": 1, "content_type": 13}}, {"pk": 235, "model": "admin.logentry", "fields": {"action_flag": 3, "action_time": "2013-11-11T03:06:15Z", "object_repr": "Hebrews 4:1-16", "object_id": "12", "change_message": "", "user": 1, "content_type": 13}}, {"pk": 236, "model": "admin.logentry", "fields": {"action_flag": 3, "action_time": "2013-11-11T03:06:15Z", "object_repr": "Hebrews 1-8", "object_id": "11", "change_message": "", "user": 1, "content_type": 13}}, {"pk": 237, "model": "admin.logentry", "fields": {"action_flag": 3, "action_time": "2013-11-11T03:06:15Z", "object_repr": "", "object_id": "10", "change_message": "", "user": 1, "content_type": 13}}, {"pk": 238, "model": "admin.logentry", "fields": {"action_flag": 3, "action_time": "2013-11-11T03:06:15Z", "object_repr": "jl Lessons 5-7", "object_id": "9", "change_message": "", "user": 1, "content_type": 13}}, {"pk": 239, "model": "admin.logentry", "fields": {"action_flag": 3, "action_time": "2013-11-11T03:06:15Z", "object_repr": "What Are Proper Matters About Which to Pray?", "object_id": "8", "change_message": "", "user": 1, "content_type": 13}}, {"pk": 240, "model": "admin.logentry", "fields": {"action_flag": 3, "action_time": "2013-11-11T03:06:15Z", "object_repr": "Be Discerning, and Avoid Following Unrealities", "object_id": "7", "change_message": "", "user": 1, "content_type": 13}}, {"pk": 241, "model": "admin.logentry", "fields": {"action_flag": 3, "action_time": "2013-11-11T03:06:15Z", "object_repr": "Matthew 10:24-42", "object_id": "6", "change_message": "", "user": 1, "content_type": 13}}, {"pk": 242, "model": "admin.logentry", "fields": {"action_flag": 3, "action_time": "2013-11-11T03:06:15Z", "object_repr": "Matthew 7-11", "object_id": "5", "change_message": "", "user": 1, "content_type": 13}}, {"pk": 243, "model": "admin.logentry", "fields": {"action_flag": 3, "action_time": "2013-11-11T03:06:15Z", "object_repr": "What It Means to Have Jehovah's \"Your Share\"", "object_id": "4", "change_message": "", "user": 1, "content_type": 13}}, {"pk": 244, "model": "admin.logentry", "fields": {"action_flag": 3, "action_time": "2013-11-11T03:06:15Z", "object_repr": "What Could Make a Person\u2019s Prayers Unacceptable to God?", "object_id": "3", "change_message": "", "user": 1, "content_type": 13}}, {"pk": 245, "model": "admin.logentry", "fields": {"action_flag": 3, "action_time": "2013-11-11T03:06:15Z", "object_repr": "Matthew 5:21-32", "object_id": "2", "change_message": "", "user": 1, "content_type": 13}}, {"pk": 246, "model": "admin.logentry", "fields": {"action_flag": 3, "action_time": "2013-11-11T03:06:15Z", "object_repr": "Matthew 1-6", "object_id": "1", "change_message": "", "user": 1, "content_type": 13}}, {"pk": 247, "model": "admin.logentry", "fields": {"action_flag": 3, "action_time": "2013-11-11T03:19:50Z", "object_repr": "What Are Proper Matters About Which to Pray?", "object_id": "49", "change_message": "", "user": 1, "content_type": 13}}, {"pk": 248, "model": "admin.logentry", "fields": {"action_flag": 3, "action_time": "2013-11-11T03:19:50Z", "object_repr": "Be Discerning, and Avoid Following Unrealities", "object_id": "48", "change_message": "", "user": 1, "content_type": 13}}, {"pk": 249, "model": "admin.logentry", "fields": {"action_flag": 3, "action_time": "2013-11-11T03:19:50Z", "object_repr": "Matthew 10:24-42", "object_id": "47", "change_message": "", "user": 1, "content_type": 13}}, {"pk": 250, "model": "admin.logentry", "fields": {"action_flag": 3, "action_time": "2013-11-11T03:19:50Z", "object_repr": "Matthew 7-11", "object_id": "46", "change_message": "", "user": 1, "content_type": 13}}, {"pk": 251, "model": "admin.logentry", "fields": {"action_flag": 3, "action_time": "2013-11-11T03:19:50Z", "object_repr": "What It Means to Have Jehovah's \"Your Share\"", "object_id": "45", "change_message": "", "user": 1, "content_type": 13}}, {"pk": 252, "model": "admin.logentry", "fields": {"action_flag": 3, "action_time": "2013-11-11T03:19:50Z", "object_repr": "What Could Make a Person\u2019s Prayers Unacceptable to God?", "object_id": "44", "change_message": "", "user": 1, "content_type": 13}}, {"pk": 253, "model": "admin.logentry", "fields": {"action_flag": 3, "action_time": "2013-11-11T03:19:50Z", "object_repr": "Matthew 5:21-32", "object_id": "43", "change_message": "", "user": 1, "content_type": 13}}, {"pk": 254, "model": "admin.logentry", "fields": {"action_flag": 3, "action_time": "2013-11-11T03:19:50Z", "object_repr": "Matthew 1-6", "object_id": "42", "change_message": "", "user": 1, "content_type": 13}}, {"pk": 255, "model": "admin.logentry", "fields": {"action_flag": 3, "action_time": "2013-11-11T03:19:50Z", "object_repr": "Song 12 and Prayer", "object_id": "41", "change_message": "", "user": 1, "content_type": 13}}, {"pk": 256, "model": "admin.logentry", "fields": {"action_flag": 3, "action_time": "2013-11-11T03:19:50Z", "object_repr": "Local needs", "object_id": "40", "change_message": "", "user": 1, "content_type": 13}}, {"pk": 257, "model": "admin.logentry", "fields": {"action_flag": 3, "action_time": "2013-11-11T03:19:50Z", "object_repr": "Have You Tried It?", "object_id": "39", "change_message": "", "user": 1, "content_type": 13}}, {"pk": 258, "model": "admin.logentry", "fields": {"action_flag": 3, "action_time": "2013-11-11T03:19:50Z", "object_repr": "Start a Bible Study on the First Saturday.", "object_id": "38", "change_message": "", "user": 1, "content_type": 13}}, {"pk": 259, "model": "admin.logentry", "fields": {"action_flag": 3, "action_time": "2013-11-11T03:19:50Z", "object_repr": "Why We Are Sure That Jesus Is the Messiah", "object_id": "37", "change_message": "", "user": 1, "content_type": 13}}, {"pk": 260, "model": "admin.logentry", "fields": {"action_flag": 3, "action_time": "2013-11-11T03:19:50Z", "object_repr": "The Right Religion Is Bible-Based and Makes Known God\u2019s Name", "object_id": "36", "change_message": "", "user": 1, "content_type": 13}}, {"pk": 261, "model": "admin.logentry", "fields": {"action_flag": 3, "action_time": "2013-11-11T03:19:50Z", "object_repr": "1 Peter 2:18\u20133:7", "object_id": "35", "change_message": "", "user": 1, "content_type": 13}}, {"pk": 262, "model": "admin.logentry", "fields": {"action_flag": 3, "action_time": "2013-11-11T03:19:50Z", "object_repr": "1 Peter 1\u20132 Peter 3", "object_id": "34", "change_message": "", "user": 1, "content_type": 13}}, {"pk": 263, "model": "admin.logentry", "fields": {"action_flag": 3, "action_time": "2013-11-11T03:19:50Z", "object_repr": "", "object_id": "33", "change_message": "", "user": 1, "content_type": 13}}, {"pk": 264, "model": "admin.logentry", "fields": {"action_flag": 3, "action_time": "2013-11-11T03:19:50Z", "object_repr": "jl Lessons 14-16", "object_id": "32", "change_message": "", "user": 1, "content_type": 13}}, {"pk": 265, "model": "admin.logentry", "fields": {"action_flag": 3, "action_time": "2013-11-11T03:19:50Z", "object_repr": "Song 45 and Prayer", "object_id": "31", "change_message": "", "user": 1, "content_type": 13}}, {"pk": 266, "model": "admin.logentry", "fields": {"action_flag": 3, "action_time": "2013-11-11T03:19:50Z", "object_repr": "A Helpful Series for Our Ministry.", "object_id": "30", "change_message": "", "user": 1, "content_type": 13}}, {"pk": 267, "model": "admin.logentry", "fields": {"action_flag": 3, "action_time": "2013-11-11T03:19:50Z", "object_repr": "", "object_id": "29", "change_message": "", "user": 1, "content_type": 13}}, {"pk": 268, "model": "admin.logentry", "fields": {"action_flag": 3, "action_time": "2013-11-11T03:19:50Z", "object_repr": "How Should You Answer?", "object_id": "28", "change_message": "", "user": 1, "content_type": 13}}, {"pk": 269, "model": "admin.logentry", "fields": {"action_flag": 3, "action_time": "2013-11-11T03:19:50Z", "object_repr": "Ideas for Offering the Magazines in December.", "object_id": "27", "change_message": "", "user": 1, "content_type": 13}}, {"pk": 270, "model": "admin.logentry", "fields": {"action_flag": 3, "action_time": "2013-11-11T03:19:50Z", "object_repr": "Why Just Reading the Bible Is Not Sufficient", "object_id": "26", "change_message": "", "user": 1, "content_type": 13}}, {"pk": 271, "model": "admin.logentry", "fields": {"action_flag": 3, "action_time": "2013-11-11T03:19:50Z", "object_repr": "How Love Overcomes Fear", "object_id": "25", "change_message": "", "user": 1, "content_type": 13}}, {"pk": 272, "model": "admin.logentry", "fields": {"action_flag": 3, "action_time": "2013-11-11T03:19:50Z", "object_repr": "James 1:22\u20132:13", "object_id": "24", "change_message": "", "user": 1, "content_type": 13}}, {"pk": 273, "model": "admin.logentry", "fields": {"action_flag": 3, "action_time": "2013-11-11T03:19:50Z", "object_repr": "James 1-5", "object_id": "23", "change_message": "", "user": 1, "content_type": 13}}, {"pk": 274, "model": "admin.logentry", "fields": {"action_flag": 3, "action_time": "2013-11-11T03:19:50Z", "object_repr": "", "object_id": "22", "change_message": "", "user": 1, "content_type": 13}}, {"pk": 275, "model": "admin.logentry", "fields": {"action_flag": 3, "action_time": "2013-11-11T03:19:50Z", "object_repr": "jl Lessons 11-13", "object_id": "21", "change_message": "", "user": 1, "content_type": 13}}, {"pk": 276, "model": "admin.logentry", "fields": {"action_flag": 3, "action_time": "2013-11-11T03:19:50Z", "object_repr": "Song 56 and Prayer", "object_id": "20", "change_message": "", "user": 1, "content_type": 13}}, {"pk": 277, "model": "admin.logentry", "fields": {"action_flag": 3, "action_time": "2013-11-11T03:19:50Z", "object_repr": "Jehovah Listens to the Prayers of His Servants.", "object_id": "19", "change_message": "", "user": 1, "content_type": 13}}, {"pk": 278, "model": "admin.logentry", "fields": {"action_flag": 3, "action_time": "2013-11-11T03:19:50Z", "object_repr": "\"I Am Here Because . . .\"", "object_id": "18", "change_message": "", "user": 1, "content_type": 13}}, {"pk": 279, "model": "admin.logentry", "fields": {"action_flag": 3, "action_time": "2013-11-11T03:19:50Z", "object_repr": "Question Box", "object_id": "17", "change_message": "", "user": 1, "content_type": 13}}, {"pk": 280, "model": "admin.logentry", "fields": {"action_flag": 3, "action_time": "2013-11-11T03:19:50Z", "object_repr": "Ways in Which We Can Comfort Others", "object_id": "16", "change_message": "", "user": 1, "content_type": 13}}, {"pk": 281, "model": "admin.logentry", "fields": {"action_flag": 3, "action_time": "2013-11-11T03:19:50Z", "object_repr": "Is Having a Personal Relationship With God the Really Important ", "object_id": "15", "change_message": "", "user": 1, "content_type": 13}}, {"pk": 282, "model": "admin.logentry", "fields": {"action_flag": 3, "action_time": "2013-11-11T03:19:50Z", "object_repr": "Hebrews 10:19-39", "object_id": "14", "change_message": "", "user": 1, "content_type": 13}}, {"pk": 283, "model": "admin.logentry", "fields": {"action_flag": 3, "action_time": "2013-11-11T03:19:50Z", "object_repr": "Hebrews 9-13", "object_id": "13", "change_message": "", "user": 1, "content_type": 13}}, {"pk": 284, "model": "admin.logentry", "fields": {"action_flag": 3, "action_time": "2013-11-11T03:19:50Z", "object_repr": "", "object_id": "12", "change_message": "", "user": 1, "content_type": 13}}, {"pk": 285, "model": "admin.logentry", "fields": {"action_flag": 3, "action_time": "2013-11-11T03:19:50Z", "object_repr": "jl Lessons 8-10", "object_id": "11", "change_message": "", "user": 1, "content_type": 13}}, {"pk": 286, "model": "admin.logentry", "fields": {"action_flag": 3, "action_time": "2013-11-11T03:19:50Z", "object_repr": "Song 113 and Prayer", "object_id": "10", "change_message": "", "user": 1, "content_type": 13}}, {"pk": 287, "model": "admin.logentry", "fields": {"action_flag": 3, "action_time": "2013-11-11T03:19:50Z", "object_repr": "\"Take as a Pattern the Prophets - Hosea\"", "object_id": "9", "change_message": "", "user": 1, "content_type": 13}}, {"pk": 288, "model": "admin.logentry", "fields": {"action_flag": 3, "action_time": "2013-11-11T03:19:50Z", "object_repr": "How To Overcome Nervousness When Preaching", "object_id": "8", "change_message": "", "user": 1, "content_type": 13}}, {"pk": 289, "model": "admin.logentry", "fields": {"action_flag": 3, "action_time": "2013-11-11T03:19:50Z", "object_repr": "How We Can Help To Meet the Needs of Others", "object_id": "7", "change_message": "", "user": 1, "content_type": 13}}, {"pk": 290, "model": "admin.logentry", "fields": {"action_flag": 3, "action_time": "2013-11-11T03:19:50Z", "object_repr": "Is Loving One's Fellowman What Really Counts?", "object_id": "6", "change_message": "", "user": 1, "content_type": 13}}, {"pk": 291, "model": "admin.logentry", "fields": {"action_flag": 3, "action_time": "2013-11-11T03:19:50Z", "object_repr": "How Can We Show That We Have \"the Wisdom From Above\"?", "object_id": "5", "change_message": "", "user": 1, "content_type": 13}}, {"pk": 292, "model": "admin.logentry", "fields": {"action_flag": 3, "action_time": "2013-11-11T03:19:50Z", "object_repr": "Hebrews 4:1-16", "object_id": "4", "change_message": "", "user": 1, "content_type": 13}}, {"pk": 293, "model": "admin.logentry", "fields": {"action_flag": 3, "action_time": "2013-11-11T03:19:50Z", "object_repr": "Hebrews 1-8", "object_id": "3", "change_message": "", "user": 1, "content_type": 13}}, {"pk": 294, "model": "admin.logentry", "fields": {"action_flag": 3, "action_time": "2013-11-11T03:19:50Z", "object_repr": "", "object_id": "2", "change_message": "", "user": 1, "content_type": 13}}, {"pk": 295, "model": "admin.logentry", "fields": {"action_flag": 3, "action_time": "2013-11-11T03:19:50Z", "object_repr": "jl Lessons 5-7", "object_id": "1", "change_message": "", "user": 1, "content_type": 13}}, {"pk": 296, "model": "admin.logentry", "fields": {"action_flag": 3, "action_time": "2013-11-11T03:20:49Z", "object_repr": "What Are Proper Matters About Which to Pray?", "object_id": "49", "change_message": "", "user": 1, "content_type": 13}}, {"pk": 297, "model": "admin.logentry", "fields": {"action_flag": 3, "action_time": "2013-11-11T03:20:49Z", "object_repr": "Be Discerning, and Avoid Following Unrealities", "object_id": "48", "change_message": "", "user": 1, "content_type": 13}}, {"pk": 298, "model": "admin.logentry", "fields": {"action_flag": 3, "action_time": "2013-11-11T03:20:49Z", "object_repr": "Matthew 10:24-42", "object_id": "47", "change_message": "", "user": 1, "content_type": 13}}, {"pk": 299, "model": "admin.logentry", "fields": {"action_flag": 3, "action_time": "2013-11-11T03:20:49Z", "object_repr": "Matthew 7-11", "object_id": "46", "change_message": "", "user": 1, "content_type": 13}}, {"pk": 300, "model": "admin.logentry", "fields": {"action_flag": 3, "action_time": "2013-11-11T03:20:49Z", "object_repr": "What It Means to Have Jehovah's \"Your Share\"", "object_id": "45", "change_message": "", "user": 1, "content_type": 13}}, {"pk": 301, "model": "admin.logentry", "fields": {"action_flag": 3, "action_time": "2013-11-11T03:20:49Z", "object_repr": "What Could Make a Person\u2019s Prayers Unacceptable to God?", "object_id": "44", "change_message": "", "user": 1, "content_type": 13}}, {"pk": 302, "model": "admin.logentry", "fields": {"action_flag": 3, "action_time": "2013-11-11T03:20:49Z", "object_repr": "Matthew 5:21-32", "object_id": "43", "change_message": "", "user": 1, "content_type": 13}}, {"pk": 303, "model": "admin.logentry", "fields": {"action_flag": 3, "action_time": "2013-11-11T03:20:49Z", "object_repr": "Matthew 1-6", "object_id": "42", "change_message": "", "user": 1, "content_type": 13}}, {"pk": 304, "model": "admin.logentry", "fields": {"action_flag": 3, "action_time": "2013-11-11T03:20:49Z", "object_repr": "Song 12 and Prayer", "object_id": "41", "change_message": "", "user": 1, "content_type": 13}}, {"pk": 305, "model": "admin.logentry", "fields": {"action_flag": 3, "action_time": "2013-11-11T03:20:49Z", "object_repr": "Local needs", "object_id": "40", "change_message": "", "user": 1, "content_type": 13}}, {"pk": 306, "model": "admin.logentry", "fields": {"action_flag": 3, "action_time": "2013-11-11T03:20:49Z", "object_repr": "Have You Tried It?", "object_id": "39", "change_message": "", "user": 1, "content_type": 13}}, {"pk": 307, "model": "admin.logentry", "fields": {"action_flag": 3, "action_time": "2013-11-11T03:20:49Z", "object_repr": "Start a Bible Study on the First Saturday.", "object_id": "38", "change_message": "", "user": 1, "content_type": 13}}, {"pk": 308, "model": "admin.logentry", "fields": {"action_flag": 3, "action_time": "2013-11-11T03:20:49Z", "object_repr": "Why We Are Sure That Jesus Is the Messiah", "object_id": "37", "change_message": "", "user": 1, "content_type": 13}}, {"pk": 309, "model": "admin.logentry", "fields": {"action_flag": 3, "action_time": "2013-11-11T03:20:49Z", "object_repr": "The Right Religion Is Bible-Based and Makes Known God\u2019s Name", "object_id": "36", "change_message": "", "user": 1, "content_type": 13}}, {"pk": 310, "model": "admin.logentry", "fields": {"action_flag": 3, "action_time": "2013-11-11T03:20:49Z", "object_repr": "1 Peter 2:18\u20133:7", "object_id": "35", "change_message": "", "user": 1, "content_type": 13}}, {"pk": 311, "model": "admin.logentry", "fields": {"action_flag": 3, "action_time": "2013-11-11T03:20:49Z", "object_repr": "1 Peter 1\u20132 Peter 3", "object_id": "34", "change_message": "", "user": 1, "content_type": 13}}, {"pk": 312, "model": "admin.logentry", "fields": {"action_flag": 3, "action_time": "2013-11-11T03:20:49Z", "object_repr": "", "object_id": "33", "change_message": "", "user": 1, "content_type": 13}}, {"pk": 313, "model": "admin.logentry", "fields": {"action_flag": 3, "action_time": "2013-11-11T03:20:49Z", "object_repr": "jl Lessons 14-16", "object_id": "32", "change_message": "", "user": 1, "content_type": 13}}, {"pk": 314, "model": "admin.logentry", "fields": {"action_flag": 3, "action_time": "2013-11-11T03:20:49Z", "object_repr": "Song 45 and Prayer", "object_id": "31", "change_message": "", "user": 1, "content_type": 13}}, {"pk": 315, "model": "admin.logentry", "fields": {"action_flag": 3, "action_time": "2013-11-11T03:20:49Z", "object_repr": "A Helpful Series for Our Ministry.", "object_id": "30", "change_message": "", "user": 1, "content_type": 13}}, {"pk": 316, "model": "admin.logentry", "fields": {"action_flag": 3, "action_time": "2013-11-11T03:20:49Z", "object_repr": "", "object_id": "29", "change_message": "", "user": 1, "content_type": 13}}, {"pk": 317, "model": "admin.logentry", "fields": {"action_flag": 3, "action_time": "2013-11-11T03:20:49Z", "object_repr": "How Should You Answer?", "object_id": "28", "change_message": "", "user": 1, "content_type": 13}}, {"pk": 318, "model": "admin.logentry", "fields": {"action_flag": 3, "action_time": "2013-11-11T03:20:49Z", "object_repr": "Ideas for Offering the Magazines in December.", "object_id": "27", "change_message": "", "user": 1, "content_type": 13}}, {"pk": 319, "model": "admin.logentry", "fields": {"action_flag": 3, "action_time": "2013-11-11T03:20:49Z", "object_repr": "Why Just Reading the Bible Is Not Sufficient", "object_id": "26", "change_message": "", "user": 1, "content_type": 13}}, {"pk": 320, "model": "admin.logentry", "fields": {"action_flag": 3, "action_time": "2013-11-11T03:20:49Z", "object_repr": "How Love Overcomes Fear", "object_id": "25", "change_message": "", "user": 1, "content_type": 13}}, {"pk": 321, "model": "admin.logentry", "fields": {"action_flag": 3, "action_time": "2013-11-11T03:20:49Z", "object_repr": "James 1:22\u20132:13", "object_id": "24", "change_message": "", "user": 1, "content_type": 13}}, {"pk": 322, "model": "admin.logentry", "fields": {"action_flag": 3, "action_time": "2013-11-11T03:20:49Z", "object_repr": "James 1-5", "object_id": "23", "change_message": "", "user": 1, "content_type": 13}}, {"pk": 323, "model": "admin.logentry", "fields": {"action_flag": 3, "action_time": "2013-11-11T03:20:49Z", "object_repr": "", "object_id": "22", "change_message": "", "user": 1, "content_type": 13}}, {"pk": 324, "model": "admin.logentry", "fields": {"action_flag": 3, "action_time": "2013-11-11T03:20:49Z", "object_repr": "jl Lessons 11-13", "object_id": "21", "change_message": "", "user": 1, "content_type": 13}}, {"pk": 325, "model": "admin.logentry", "fields": {"action_flag": 3, "action_time": "2013-11-11T03:20:49Z", "object_repr": "Song 56 and Prayer", "object_id": "20", "change_message": "", "user": 1, "content_type": 13}}, {"pk": 326, "model": "admin.logentry", "fields": {"action_flag": 3, "action_time": "2013-11-11T03:20:49Z", "object_repr": "Jehovah Listens to the Prayers of His Servants.", "object_id": "19", "change_message": "", "user": 1, "content_type": 13}}, {"pk": 327, "model": "admin.logentry", "fields": {"action_flag": 3, "action_time": "2013-11-11T03:20:49Z", "object_repr": "\"I Am Here Because . . .\"", "object_id": "18", "change_message": "", "user": 1, "content_type": 13}}, {"pk": 328, "model": "admin.logentry", "fields": {"action_flag": 3, "action_time": "2013-11-11T03:20:49Z", "object_repr": "Question Box", "object_id": "17", "change_message": "", "user": 1, "content_type": 13}}, {"pk": 329, "model": "admin.logentry", "fields": {"action_flag": 3, "action_time": "2013-11-11T03:20:49Z", "object_repr": "Ways in Which We Can Comfort Others", "object_id": "16", "change_message": "", "user": 1, "content_type": 13}}, {"pk": 330, "model": "admin.logentry", "fields": {"action_flag": 3, "action_time": "2013-11-11T03:20:49Z", "object_repr": "Is Having a Personal Relationship With God the Really Important ", "object_id": "15", "change_message": "", "user": 1, "content_type": 13}}, {"pk": 331, "model": "admin.logentry", "fields": {"action_flag": 3, "action_time": "2013-11-11T03:20:49Z", "object_repr": "Hebrews 10:19-39", "object_id": "14", "change_message": "", "user": 1, "content_type": 13}}, {"pk": 332, "model": "admin.logentry", "fields": {"action_flag": 3, "action_time": "2013-11-11T03:20:49Z", "object_repr": "Hebrews 9-13", "object_id": "13", "change_message": "", "user": 1, "content_type": 13}}, {"pk": 333, "model": "admin.logentry", "fields": {"action_flag": 3, "action_time": "2013-11-11T03:20:49Z", "object_repr": "", "object_id": "12", "change_message": "", "user": 1, "content_type": 13}}, {"pk": 334, "model": "admin.logentry", "fields": {"action_flag": 3, "action_time": "2013-11-11T03:20:49Z", "object_repr": "jl Lessons 8-10", "object_id": "11", "change_message": "", "user": 1, "content_type": 13}}, {"pk": 335, "model": "admin.logentry", "fields": {"action_flag": 3, "action_time": "2013-11-11T03:20:49Z", "object_repr": "Song 113 and Prayer", "object_id": "10", "change_message": "", "user": 1, "content_type": 13}}, {"pk": 336, "model": "admin.logentry", "fields": {"action_flag": 3, "action_time": "2013-11-11T03:20:49Z", "object_repr": "\"Take as a Pattern the Prophets - Hosea\"", "object_id": "9", "change_message": "", "user": 1, "content_type": 13}}, {"pk": 337, "model": "admin.logentry", "fields": {"action_flag": 3, "action_time": "2013-11-11T03:20:49Z", "object_repr": "How To Overcome Nervousness When Preaching", "object_id": "8", "change_message": "", "user": 1, "content_type": 13}}, {"pk": 338, "model": "admin.logentry", "fields": {"action_flag": 3, "action_time": "2013-11-11T03:20:49Z", "object_repr": "How We Can Help To Meet the Needs of Others", "object_id": "7", "change_message": "", "user": 1, "content_type": 13}}, {"pk": 339, "model": "admin.logentry", "fields": {"action_flag": 3, "action_time": "2013-11-11T03:20:49Z", "object_repr": "Is Loving One's Fellowman What Really Counts?", "object_id": "6", "change_message": "", "user": 1, "content_type": 13}}, {"pk": 340, "model": "admin.logentry", "fields": {"action_flag": 3, "action_time": "2013-11-11T03:20:49Z", "object_repr": "How Can We Show That We Have \"the Wisdom From Above\"?", "object_id": "5", "change_message": "", "user": 1, "content_type": 13}}, {"pk": 341, "model": "admin.logentry", "fields": {"action_flag": 3, "action_time": "2013-11-11T03:20:49Z", "object_repr": "Hebrews 4:1-16", "object_id": "4", "change_message": "", "user": 1, "content_type": 13}}, {"pk": 342, "model": "admin.logentry", "fields": {"action_flag": 3, "action_time": "2013-11-11T03:20:49Z", "object_repr": "Hebrews 1-8", "object_id": "3", "change_message": "", "user": 1, "content_type": 13}}, {"pk": 343, "model": "admin.logentry", "fields": {"action_flag": 3, "action_time": "2013-11-11T03:20:49Z", "object_repr": "", "object_id": "2", "change_message": "", "user": 1, "content_type": 13}}, {"pk": 344, "model": "admin.logentry", "fields": {"action_flag": 3, "action_time": "2013-11-11T03:20:49Z", "object_repr": "jl Lessons 5-7", "object_id": "1", "change_message": "", "user": 1, "content_type": 13}}, {"pk": 345, "model": "admin.logentry", "fields": {"action_flag": 3, "action_time": "2013-11-11T22:12:12Z", "object_repr": "What Are Proper Matters About Which to Pray?", "object_id": "49", "change_message": "", "user": 1, "content_type": 13}}, {"pk": 346, "model": "admin.logentry", "fields": {"action_flag": 3, "action_time": "2013-11-11T22:12:12Z", "object_repr": "Be Discerning, and Avoid Following Unrealities", "object_id": "48", "change_message": "", "user": 1, "content_type": 13}}, {"pk": 347, "model": "admin.logentry", "fields": {"action_flag": 3, "action_time": "2013-11-11T22:12:12Z", "object_repr": "Matthew 10:24-42", "object_id": "47", "change_message": "", "user": 1, "content_type": 13}}, {"pk": 348, "model": "admin.logentry", "fields": {"action_flag": 3, "action_time": "2013-11-11T22:12:12Z", "object_repr": "Matthew 7-11", "object_id": "46", "change_message": "", "user": 1, "content_type": 13}}, {"pk": 349, "model": "admin.logentry", "fields": {"action_flag": 3, "action_time": "2013-11-11T22:12:12Z", "object_repr": "What It Means to Have Jehovah's \"Your Share\"", "object_id": "45", "change_message": "", "user": 1, "content_type": 13}}, {"pk": 350, "model": "admin.logentry", "fields": {"action_flag": 3, "action_time": "2013-11-11T22:12:12Z", "object_repr": "What Could Make a Person\u2019s Prayers Unacceptable to God?", "object_id": "44", "change_message": "", "user": 1, "content_type": 13}}, {"pk": 351, "model": "admin.logentry", "fields": {"action_flag": 3, "action_time": "2013-11-11T22:12:12Z", "object_repr": "Matthew 5:21-32", "object_id": "43", "change_message": "", "user": 1, "content_type": 13}}, {"pk": 352, "model": "admin.logentry", "fields": {"action_flag": 3, "action_time": "2013-11-11T22:12:12Z", "object_repr": "Matthew 1-6", "object_id": "42", "change_message": "", "user": 1, "content_type": 13}}, {"pk": 353, "model": "admin.logentry", "fields": {"action_flag": 3, "action_time": "2013-11-11T22:12:12Z", "object_repr": "Song 12 and Prayer", "object_id": "41", "change_message": "", "user": 1, "content_type": 13}}, {"pk": 354, "model": "admin.logentry", "fields": {"action_flag": 3, "action_time": "2013-11-11T22:12:12Z", "object_repr": "Local needs", "object_id": "40", "change_message": "", "user": 1, "content_type": 13}}, {"pk": 355, "model": "admin.logentry", "fields": {"action_flag": 3, "action_time": "2013-11-11T22:12:12Z", "object_repr": "Have You Tried It?", "object_id": "39", "change_message": "", "user": 1, "content_type": 13}}, {"pk": 356, "model": "admin.logentry", "fields": {"action_flag": 3, "action_time": "2013-11-11T22:12:12Z", "object_repr": "Start a Bible Study on the First Saturday.", "object_id": "38", "change_message": "", "user": 1, "content_type": 13}}, {"pk": 357, "model": "admin.logentry", "fields": {"action_flag": 3, "action_time": "2013-11-11T22:12:12Z", "object_repr": "Why We Are Sure That Jesus Is the Messiah", "object_id": "37", "change_message": "", "user": 1, "content_type": 13}}, {"pk": 358, "model": "admin.logentry", "fields": {"action_flag": 3, "action_time": "2013-11-11T22:12:12Z", "object_repr": "The Right Religion Is Bible-Based and Makes Known God\u2019s Name", "object_id": "36", "change_message": "", "user": 1, "content_type": 13}}, {"pk": 359, "model": "admin.logentry", "fields": {"action_flag": 3, "action_time": "2013-11-11T22:12:12Z", "object_repr": "1 Peter 2:18\u20133:7", "object_id": "35", "change_message": "", "user": 1, "content_type": 13}}, {"pk": 360, "model": "admin.logentry", "fields": {"action_flag": 3, "action_time": "2013-11-11T22:12:12Z", "object_repr": "1 Peter 1\u20132 Peter 3", "object_id": "34", "change_message": "", "user": 1, "content_type": 13}}, {"pk": 361, "model": "admin.logentry", "fields": {"action_flag": 3, "action_time": "2013-11-11T22:12:12Z", "object_repr": "", "object_id": "33", "change_message": "", "user": 1, "content_type": 13}}, {"pk": 362, "model": "admin.logentry", "fields": {"action_flag": 3, "action_time": "2013-11-11T22:12:12Z", "object_repr": "jl Lessons 14-16", "object_id": "32", "change_message": "", "user": 1, "content_type": 13}}, {"pk": 363, "model": "admin.logentry", "fields": {"action_flag": 3, "action_time": "2013-11-11T22:12:12Z", "object_repr": "Song 45 and Prayer", "object_id": "31", "change_message": "", "user": 1, "content_type": 13}}, {"pk": 364, "model": "admin.logentry", "fields": {"action_flag": 3, "action_time": "2013-11-11T22:12:12Z", "object_repr": "A Helpful Series for Our Ministry.", "object_id": "30", "change_message": "", "user": 1, "content_type": 13}}, {"pk": 365, "model": "admin.logentry", "fields": {"action_flag": 3, "action_time": "2013-11-11T22:12:12Z", "object_repr": "", "object_id": "29", "change_message": "", "user": 1, "content_type": 13}}, {"pk": 366, "model": "admin.logentry", "fields": {"action_flag": 3, "action_time": "2013-11-11T22:12:12Z", "object_repr": "How Should You Answer?", "object_id": "28", "change_message": "", "user": 1, "content_type": 13}}, {"pk": 367, "model": "admin.logentry", "fields": {"action_flag": 3, "action_time": "2013-11-11T22:12:12Z", "object_repr": "Ideas for Offering the Magazines in December.", "object_id": "27", "change_message": "", "user": 1, "content_type": 13}}, {"pk": 368, "model": "admin.logentry", "fields": {"action_flag": 3, "action_time": "2013-11-11T22:12:12Z", "object_repr": "Why Just Reading the Bible Is Not Sufficient", "object_id": "26", "change_message": "", "user": 1, "content_type": 13}}, {"pk": 369, "model": "admin.logentry", "fields": {"action_flag": 3, "action_time": "2013-11-11T22:12:12Z", "object_repr": "How Love Overcomes Fear", "object_id": "25", "change_message": "", "user": 1, "content_type": 13}}, {"pk": 370, "model": "admin.logentry", "fields": {"action_flag": 3, "action_time": "2013-11-11T22:12:12Z", "object_repr": "James 1:22\u20132:13", "object_id": "24", "change_message": "", "user": 1, "content_type": 13}}, {"pk": 371, "model": "admin.logentry", "fields": {"action_flag": 3, "action_time": "2013-11-11T22:12:12Z", "object_repr": "James 1-5", "object_id": "23", "change_message": "", "user": 1, "content_type": 13}}, {"pk": 372, "model": "admin.logentry", "fields": {"action_flag": 3, "action_time": "2013-11-11T22:12:12Z", "object_repr": "", "object_id": "22", "change_message": "", "user": 1, "content_type": 13}}, {"pk": 373, "model": "admin.logentry", "fields": {"action_flag": 3, "action_time": "2013-11-11T22:12:12Z", "object_repr": "jl Lessons 11-13", "object_id": "21", "change_message": "", "user": 1, "content_type": 13}}, {"pk": 374, "model": "admin.logentry", "fields": {"action_flag": 3, "action_time": "2013-11-11T22:12:12Z", "object_repr": "Song 56 and Prayer", "object_id": "20", "change_message": "", "user": 1, "content_type": 13}}, {"pk": 375, "model": "admin.logentry", "fields": {"action_flag": 3, "action_time": "2013-11-11T22:12:12Z", "object_repr": "Jehovah Listens to the Prayers of His Servants.", "object_id": "19", "change_message": "", "user": 1, "content_type": 13}}, {"pk": 376, "model": "admin.logentry", "fields": {"action_flag": 3, "action_time": "2013-11-11T22:12:12Z", "object_repr": "\"I Am Here Because . . .\"", "object_id": "18", "change_message": "", "user": 1, "content_type": 13}}, {"pk": 377, "model": "admin.logentry", "fields": {"action_flag": 3, "action_time": "2013-11-11T22:12:12Z", "object_repr": "Question Box", "object_id": "17", "change_message": "", "user": 1, "content_type": 13}}, {"pk": 378, "model": "admin.logentry", "fields": {"action_flag": 3, "action_time": "2013-11-11T22:12:12Z", "object_repr": "Ways in Which We Can Comfort Others", "object_id": "16", "change_message": "", "user": 1, "content_type": 13}}, {"pk": 379, "model": "admin.logentry", "fields": {"action_flag": 3, "action_time": "2013-11-11T22:12:12Z", "object_repr": "Is Having a Personal Relationship With God the Really Important ", "object_id": "15", "change_message": "", "user": 1, "content_type": 13}}, {"pk": 380, "model": "admin.logentry", "fields": {"action_flag": 3, "action_time": "2013-11-11T22:12:12Z", "object_repr": "Hebrews 10:19-39", "object_id": "14", "change_message": "", "user": 1, "content_type": 13}}, {"pk": 381, "model": "admin.logentry", "fields": {"action_flag": 3, "action_time": "2013-11-11T22:12:12Z", "object_repr": "Hebrews 9-13", "object_id": "13", "change_message": "", "user": 1, "content_type": 13}}, {"pk": 382, "model": "admin.logentry", "fields": {"action_flag": 3, "action_time": "2013-11-11T22:12:12Z", "object_repr": "", "object_id": "12", "change_message": "", "user": 1, "content_type": 13}}, {"pk": 383, "model": "admin.logentry", "fields": {"action_flag": 3, "action_time": "2013-11-11T22:12:12Z", "object_repr": "jl Lessons 8-10", "object_id": "11", "change_message": "", "user": 1, "content_type": 13}}, {"pk": 384, "model": "admin.logentry", "fields": {"action_flag": 3, "action_time": "2013-11-11T22:12:12Z", "object_repr": "Song 113 and Prayer", "object_id": "10", "change_message": "", "user": 1, "content_type": 13}}, {"pk": 385, "model": "admin.logentry", "fields": {"action_flag": 3, "action_time": "2013-11-11T22:12:12Z", "object_repr": "\"Take as a Pattern the Prophets - Hosea\"", "object_id": "9", "change_message": "", "user": 1, "content_type": 13}}, {"pk": 386, "model": "admin.logentry", "fields": {"action_flag": 3, "action_time": "2013-11-11T22:12:12Z", "object_repr": "How To Overcome Nervousness When Preaching", "object_id": "8", "change_message": "", "user": 1, "content_type": 13}}, {"pk": 387, "model": "admin.logentry", "fields": {"action_flag": 3, "action_time": "2013-11-11T22:12:12Z", "object_repr": "How We Can Help To Meet the Needs of Others", "object_id": "7", "change_message": "", "user": 1, "content_type": 13}}, {"pk": 388, "model": "admin.logentry", "fields": {"action_flag": 3, "action_time": "2013-11-11T22:12:12Z", "object_repr": "Is Loving One's Fellowman What Really Counts?", "object_id": "6", "change_message": "", "user": 1, "content_type": 13}}, {"pk": 389, "model": "admin.logentry", "fields": {"action_flag": 3, "action_time": "2013-11-11T22:12:12Z", "object_repr": "How Can We Show That We Have \"the Wisdom From Above\"?", "object_id": "5", "change_message": "", "user": 1, "content_type": 13}}, {"pk": 390, "model": "admin.logentry", "fields": {"action_flag": 3, "action_time": "2013-11-11T22:12:12Z", "object_repr": "Hebrews 4:1-16", "object_id": "4", "change_message": "", "user": 1, "content_type": 13}}, {"pk": 391, "model": "admin.logentry", "fields": {"action_flag": 3, "action_time": "2013-11-11T22:12:12Z", "object_repr": "Hebrews 1-8", "object_id": "3", "change_message": "", "user": 1, "content_type": 13}}, {"pk": 392, "model": "admin.logentry", "fields": {"action_flag": 3, "action_time": "2013-11-11T22:12:12Z", "object_repr": "", "object_id": "2", "change_message": "", "user": 1, "content_type": 13}}, {"pk": 393, "model": "admin.logentry", "fields": {"action_flag": 3, "action_time": "2013-11-11T22:12:12Z", "object_repr": "jl Lessons 5-7", "object_id": "1", "change_message": "", "user": 1, "content_type": 13}}, {"pk": 1, "model": "parts.congregation", "fields": {"sound_scheduler": null, "auto_fill_service_meeting": true, "name": "Santa Ana English", "stage_scheduler": null, "attendants_scheduler": null, "admins": [1], "coordinator": null, "auto_fill_school": true, "weekday": 1, "schedule_public": true, "school_overseer": 1}}, {"pk": 1, "model": "auth.permission", "fields": {"codename": "add_permission", "name": "Can add permission", "content_type": 1}}, {"pk": 2, "model": "auth.permission", "fields": {"codename": "change_permission", "name": "Can change permission", "content_type": 1}}, {"pk": 3, "model": "auth.permission", "fields": {"codename": "delete_permission", "name": "Can delete permission", "content_type": 1}}, {"pk": 4, "model": "auth.permission", "fields": {"codename": "add_group", "name": "Can add group", "content_type": 2}}, {"pk": 5, "model": "auth.permission", "fields": {"codename": "change_group", "name": "Can change group", "content_type": 2}}, {"pk": 6, "model": "auth.permission", "fields": {"codename": "delete_group", "name": "Can delete group", "content_type": 2}}, {"pk": 10, "model": "auth.permission", "fields": {"codename": "add_contenttype", "name": "Can add content type", "content_type": 4}}, {"pk": 11, "model": "auth.permission", "fields": {"codename": "change_contenttype", "name": "Can change content type", "content_type": 4}}, {"pk": 12, "model": "auth.permission", "fields": {"codename": "delete_contenttype", "name": "Can delete content type", "content_type": 4}}, {"pk": 13, "model": "auth.permission", "fields": {"codename": "add_session", "name": "Can add session", "content_type": 5}}, {"pk": 14, "model": "auth.permission", "fields": {"codename": "change_session", "name": "Can change session", "content_type": 5}}, {"pk": 15, "model": "auth.permission", "fields": {"codename": "delete_session", "name": "Can delete session", "content_type": 5}}, {"pk": 16, "model": "auth.permission", "fields": {"codename": "add_site", "name": "Can add site", "content_type": 6}}, {"pk": 17, "model": "auth.permission", "fields": {"codename": "change_site", "name": "Can change site", "content_type": 6}}, {"pk": 18, "model": "auth.permission", "fields": {"codename": "delete_site", "name": "Can delete site", "content_type": 6}}, {"pk": 19, "model": "auth.permission", "fields": {"codename": "add_category", "name": "Can add category", "content_type": 7}}, {"pk": 20, "model": "auth.permission", "fields": {"codename": "change_category", "name": "Can change category", "content_type": 7}}, {"pk": 21, "model": "auth.permission", "fields": {"codename": "delete_category", "name": "Can delete category", "content_type": 7}}, {"pk": 22, "model": "auth.permission", "fields": {"codename": "add_setting", "name": "Can add setting", "content_type": 8}}, {"pk": 23, "model": "auth.permission", "fields": {"codename": "change_setting", "name": "Can change setting", "content_type": 8}}, {"pk": 24, "model": "auth.permission", "fields": {"codename": "delete_setting", "name": "Can delete setting", "content_type": 8}}, {"pk": 25, "model": "auth.permission", "fields": {"codename": "add_counselpoint", "name": "Can add counsel point", "content_type": 9}}, {"pk": 26, "model": "auth.permission", "fields": {"codename": "change_counselpoint", "name": "Can change counsel point", "content_type": 9}}, {"pk": 27, "model": "auth.permission", "fields": {"codename": "delete_counselpoint", "name": "Can delete counsel point", "content_type": 9}}, {"pk": 28, "model": "auth.permission", "fields": {"codename": "add_congregation", "name": "Can add congregation", "content_type": 10}}, {"pk": 29, "model": "auth.permission", "fields": {"codename": "change_congregation", "name": "Can change congregation", "content_type": 10}}, {"pk": 30, "model": "auth.permission", "fields": {"codename": "delete_congregation", "name": "Can delete congregation", "content_type": 10}}, {"pk": 31, "model": "auth.permission", "fields": {"codename": "add_publisher", "name": "Can add publisher", "content_type": 11}}, {"pk": 32, "model": "auth.permission", "fields": {"codename": "change_publisher", "name": "Can change publisher", "content_type": 11}}, {"pk": 33, "model": "auth.permission", "fields": {"codename": "delete_publisher", "name": "Can delete publisher", "content_type": 11}}, {"pk": 34, "model": "auth.permission", "fields": {"codename": "add_part", "name": "Can add part", "content_type": 12}}, {"pk": 35, "model": "auth.permission", "fields": {"codename": "change_part", "name": "Can change part", "content_type": 12}}, {"pk": 36, "model": "auth.permission", "fields": {"codename": "delete_part", "name": "Can delete part", "content_type": 12}}, {"pk": 37, "model": "auth.permission", "fields": {"codename": "add_assignment", "name": "Can add assignment", "content_type": 13}}, {"pk": 38, "model": "auth.permission", "fields": {"codename": "change_assignment", "name": "Can change assignment", "content_type": 13}}, {"pk": 39, "model": "auth.permission", "fields": {"codename": "delete_assignment", "name": "Can delete assignment", "content_type": 13}}, {"pk": 40, "model": "auth.permission", "fields": {"codename": "add_logentry", "name": "Can add log entry", "content_type": 14}}, {"pk": 41, "model": "auth.permission", "fields": {"codename": "change_logentry", "name": "Can change log entry", "content_type": 14}}, {"pk": 42, "model": "auth.permission", "fields": {"codename": "delete_logentry", "name": "Can delete log entry", "content_type": 14}}, {"pk": 43, "model": "auth.permission", "fields": {"codename": "add_user", "name": "Can add user", "content_type": 15}}, {"pk": 44, "model": "auth.permission", "fields": {"codename": "change_user", "name": "Can change user", "content_type": 15}}, {"pk": 45, "model": "auth.permission", "fields": {"codename": "delete_user", "name": "Can delete user", "content_type": 15}}, {"pk": 46, "model": "auth.permission", "fields": {"codename": "add_meeting", "name": "Can add meeting", "content_type": 16}}, {"pk": 47, "model": "auth.permission", "fields": {"codename": "change_meeting", "name": "Can change meeting", "content_type": 16}}, {"pk": 48, "model": "auth.permission", "fields": {"codename": "delete_meeting", "name": "Can delete meeting", "content_type": 16}}]